fid,cid,source,class_name,det_score,dist_m,n_points,L,W,H,cx,cy,cz,yaw,s_shape_raw,s_unc_raw,s_slice_raw,s_vru_raw,s_obj,far,few,confusion,missed_by_model,reasons
scene_000_f0000,0,cluster+det,vehicle,0.4423,41.55,53,4.11,2.11,1.74,41.42,3.22,1.03,-2.909,0.43451,0.82034,0.333,0.0,0.705495,1,0,0,0,xa 41.5 m; shape 0.43 | unc 0.82 | vru 0.00 → s_obj 0.705
scene_000_f0000,1,cluster+det,other,0.3795,14.68,12,1.91,1.11,0.82,14.21,-3.69,0.92,-2.35,0.46398,1.0,0.0,1.0,0.66605,0,0,0,0,shape 0.46 | unc 1.00 | vru 1.00 → s_obj 0.666
scene_000_f0001,0,cluster+det,vehicle,0.5054,37.05,81,4.06,2.13,1.44,36.91,3.19,0.96,-2.997,0.35975,0.7637,0.333,0.0,0.527639,1,0,0,0,xa 37.0 m; shape 0.36 | unc 0.76 | vru 0.00 → s_obj 0.528
scene_000_f0002,0,cluster+det,vehicle,0.5582,33.07,108,4.29,1.97,1.35,32.92,3.21,0.97,3.136,0.36241,0.54207,0.333,0.0,0.45506,1,0,0,0,xa 33.1 m; shape 0.36 | unc 0.54 | vru 0.00 → s_obj 0.455
scene_000_f0002,1,cluster+det,other,0.4705,7.52,23,4.22,1.21,1.24,6.43,-3.89,1.06,-2.889,0.49998,1.0,0.0,0.5,0.660827,0,0,0,0,shape 0.50 | unc 1.00 | vru 0.50 → s_obj 0.661
scene_000_f0003,0,cluster+det,vehicle,0.6109,29.3,148,4.29,1.96,1.53,29.12,3.25,0.93,-3.078,0.35565,0.59813,0.0,0.0,0.24222,0,0,0,0,shape 0.36 | unc 0.60 | vru 0.00 → s_obj 0.242
scene_000_f0003,1,cluster+det,other,0.437,3.87,14,2.02,1.5,0.76,1.13,-3.7,0.66,-3.12,0.56318,1.0,0.0,0.0,0.605005,0,0,0,0,shape 0.56 | unc 1.00 | vru 0.00 → s_obj 0.605
scene_000_f0004,0,cluster+det,other,0.5332,4.38,31,3.12,2.03,1.06,-2.16,-3.82,0.89,3.119,0.48191,1.0,0.0,0.0,0.572633,0,0,0,0,shape 0.48 | unc 1.00 | vru 0.00 → s_obj 0.573
scene_000_f0004,1,cluster+det,vehicle,0.6338,25.33,193,4.23,1.87,1.41,25.13,3.22,0.91,-3.079,0.34788,0.63035,0.0,0.0,0.213058,0,0,0,0,shape 0.35 | unc 0.63 | vru 0.00 → s_obj 0.213
scene_000_f0005,0,cluster+det,vehicle,0.6594,21.28,246,4.35,2.07,1.46,21.03,3.25,0.93,3.135,0.36852,0.66553,0.0,0.0,0.342057,0,0,0,0,shape 0.37 | unc 0.67 | vru 0.00 → s_obj 0.342
scene_000_f0006,0,cluster+det,vehicle,0.7051,17.41,281,4.26,1.96,1.48,17.12,3.18,0.97,-3.073,0.34794,0.58843,0.0,0.0,0.198966,0,0,0,0,shape 0.35 | unc 0.59 | vru 0.00 → s_obj 0.199
scene_000_f0007,0,cluster+det,vehicle,0.7324,13.54,379,4.29,1.93,1.4,13.16,3.17,0.95,-3.098,0.36891,0.70207,0.0,0.0,0.364908,0,0,0,0,shape 0.37 | unc 0.70 | vru 0.00 → s_obj 0.365
scene_000_f0008,0,cluster+det,vehicle,0.7622,9.57,421,4.29,1.92,1.35,9.02,3.18,0.93,-3.075,0.36725,0.66216,0.0,0.0,0.332263,0,0,0,0,shape 0.37 | unc 0.66 | vru 0.00 → s_obj 0.332
scene_000_f0009,0,cluster+det,vehicle,0.8018,6.01,550,4.33,2.05,1.47,5.03,3.27,0.92,-3.034,0.40223,0.64735,0.0,0.0,0.42704,0,0,0,0,shape 0.40 | unc 0.65 | vru 0.00 → s_obj 0.427
scene_000_f0010,0,cluster+det,vehicle,0.8226,3.41,673,4.31,2.03,1.4,1.05,3.24,0.92,-3.04,0.43552,0.74123,0.0,0.0,0.495593,0,0,0,0,shape 0.44 | unc 0.74 | vru 0.00 → s_obj 0.496
scene_000_f0011,0,cluster+det,vehicle,0.8237,4.36,620,4.28,1.94,1.43,-2.91,3.25,0.93,-3.063,0.41644,0.61301,0.0,0.0,0.422416,0,0,0,0,shape 0.42 | unc 0.61 | vru 0.00 → s_obj 0.422
scene_000_f0011,1,cluster+det,vehicle,0.4739,44.12,72,4.22,1.91,1.49,43.54,7.15,0.93,-2.954,0.35601,0.7145,0.333,0.0,0.489663,1,0,0,0,xa 44.1 m; shape 0.36 | unc 0.71 | vru 0.00 → s_obj 0.490
scene_000_f0012,0,cluster+det,vehicle,0.4603,40.22,57,4.32,2.03,1.46,39.56,7.26,1.07,-2.884,0.43738,0.58756,0.333,0.0,0.616594,1,0,0,0,xa 40.2 m; shape 0.44 | unc 0.59 | vru 0.00 → s_obj 0.617
scene_000_f0013,0,cluster+det,vehicle,0.531,36.18,92,4.23,1.95,1.37,35.46,7.2,0.95,-3.039,0.36068,0.63281,0.333,0.0,0.472416,1,0,0,0,xa 36.2 m; shape 0.36 | unc 0.63 | vru 0.00 → s_obj 0.472
scene_000_f0014,0,cluster+det,vehicle,0.5717,32.3,124,4.24,1.88,1.36,31.45,7.34,0.91,-2.996,0.34785,0.66154,0.333,0.0,0.417573,1,0,0,0,xa 32.3 m; shape 0.35 | unc 0.66 | vru 0.00 → s_obj 0.418
scene_000_f0015,0,cluster+det,vehicle,0.6039,28.45,180,4.24,1.89,1.36,27.53,7.16,0.94,-2.99,0.35249,0.64742,0.0,0.0,0.242492,0,0,0,0,shape 0.35 | unc 0.65 | vru 0.00 → s_obj 0.242
scene_000_f0015,1,cluster+det,vehicle,0.4198,47.74,57,4.17,2.04,1.5,47.15,7.49,0.97,-2.966,0.38419,0.60441,0.333,0.0,0.567465,1,0,0,0,xa 47.7 m; shape 0.38 | unc 0.60 | vru 0.00 → s_obj 0.567
scene_000_f0016,0,cluster+det,vehicle,0.6478,24.58,189,4.29,1.93,1.5,23.48,7.25,0.9,-2.947,0.36204,0.49715,0.0,0.0,0.259086,0,0,0,0,shape 0.36 | unc 0.50 | vru 0.00 → s_obj 0.259
scene_000_f0016,1,cluster+det,vehicle,0.3538,43.99,34,4.34,2.16,1.33,43.33,7.59,1.03,3.061,0.4355,0.82325,0.333,0.0,0.707454,1,0,0,0,xa 44.0 m; shape 0.44 | unc 0.82 | vru 0.00 → s_obj 0.707
scene_000_f0017,0,cluster+det,vehicle,0.4875,39.8,80,4.32,2.03,1.3,39.11,7.39,0.9,3.103,0.36148,0.70609,0.333,0.0,0.512894,1,0,0,0,xa 39.8 m; shape 0.36 | unc 0.71 | vru 0.00 → s_obj 0.513
scene_000_f0017,1,cluster+det,vehicle,0.6729,21.06,216,4.31,1.92,1.45,19.76,7.27,0.98,-2.948,0.34947,0.65952,0.0,0.0,0.233351,0,0,0,0,shape 0.35 | unc 0.66 | vru 0.00 → s_obj 0.233
scene_000_f0018,0,cluster+det,vehicle,0.6895,17.08,279,4.27,1.94,1.33,15.48,7.22,0.91,-3.008,0.34971,0.74626,0.0,0.0,0.278564,0,0,0,0,shape 0.35 | unc 0.75 | vru 0.00 → s_obj 0.279
scene_000_f0018,1,cluster+det,vehicle,0.5268,35.99,93,4.24,2.08,1.39,35.21,7.45,0.9,-3.118,0.35882,0.73886,0.333,0.0,0.516975,1,0,0,0,xa 36.0 m; shape 0.36 | unc 0.74 | vru 0.00 → s_obj 0.517
scene_000_f0019,0,cluster+det,vehicle,0.7326,13.72,350,4.28,1.94,1.42,11.66,7.23,0.97,-2.993,0.37973,0.67509,0.0,0.0,0.397878,0,0,0,0,shape 0.38 | unc 0.68 | vru 0.00 → s_obj 0.398
scene_000_f0019,1,cluster+det,vehicle,0.5662,32.09,117,4.19,1.94,1.33,31.22,7.43,0.95,-3.087,0.34306,0.68635,0.333,0.0,0.415125,1,0,0,0,xa 32.1 m; shape 0.34 | unc 0.69 | vru 0.00 → s_obj 0.415
scene_000_f0020,0,cluster+det,vehicle,0.7564,10.51,413,4.28,1.89,1.36,7.65,7.2,0.94,-2.986,0.36624,0.67958,0.0,0.0,0.336235,0,0,0,0,shape 0.37 | unc 0.68 | vru 0.00 → s_obj 0.336
scene_000_f0020,1,cluster+det,vehicle,0.5998,28.23,127,4.24,1.89,1.34,27.22,7.47,1.01,-3.055,0.36046,0.80158,0.0,0.0,0.350109,0,0,0,0,shape 0.36 | unc 0.80 | vru 0.00 → s_obj 0.350
scene_000_f0021,0,cluster+det,vehicle,0.7706,8.06,469,4.31,2.0,1.34,3.53,7.25,0.96,-3.017,0.37067,0.7711,0.0,0.0,0.401415,0,0,0,0,shape 0.37 | unc 0.77 | vru 0.00 → s_obj 0.401
scene_000_f0021,1,cluster+det,vehicle,0.6322,24.47,176,4.23,1.91,1.35,23.29,7.49,0.97,-3.068,0.34361,0.64763,0.0,0.0,0.204897,0,0,0,0,shape 0.34 | unc 0.65 | vru 0.00 → s_obj 0.205
scene_000_f0022,0,cluster+det,vehicle,0.7818,7.24,475,4.28,1.9,1.33,-0.49,7.23,0.93,-2.98,0.37632,0.65782,0.0,0.0,0.376877,0,0,0,0,shape 0.38 | unc 0.66 | vru 0.00 → s_obj 0.377
scene_000_f0022,1,cluster+det,vehicle,0.6596,20.61,235,4.26,2.01,1.36,19.26,7.35,0.97,-3.048,0.34735,0.72143,0.0,0.0,0.257726,0,0,0,0,shape 0.35 | unc 0.72 | vru 0.00 → s_obj 0.258
scene_000_f0023,0,cluster+det,vehicle,0.6957,17.02,264,4.25,1.91,1.36,15.29,7.49,1.01,-3.055,0.36046,0.59394,0.0,0.0,0.265669,0,0,0,0,shape 0.36 | unc 0.59 | vru 0.00 → s_obj 0.266
scene_000_f0023,1,cluster+det,vehicle,0.7734,8.48,453,4.32,1.94,1.36,-4.39,7.26,0.92,-3.009,0.36648,0.70074,0.0,0.0,0.347606,0,0,0,0,shape 0.37 | unc 0.70 | vru 0.00 → s_obj 0.348
scene_000_f0024,0,cluster+det,vehicle,0.7366,13.48,329,4.29,1.95,1.44,11.22,7.47,0.95,-3.047,0.34966,0.59127,0.0,0.0,0.207671,0,0,0,0,shape 0.35 | unc 0.59 | vru 0.00 → s_obj 0.208
scene_000_f0025,0,cluster+det,vehicle,0.4035,45.42,44,4.22,1.94,1.46,45.31,-3.15,1.04,3.099,0.3891,1.0,0.333,0.0,0.69407,1,0,0,0,xa 45.4 m; shape 0.39 | unc 1.00 | vru 0.00 → s_obj 0.694
scene_000_f0025,1,cluster+det,vehicle,0.7558,10.39,401,4.29,1.9,1.35,7.24,7.45,0.93,-3.053,0.37521,0.69964,0.0,0.0,0.394559,0,0,0,0,shape 0.38 | unc 0.70 | vru 0.00 → s_obj 0.395
scene_000_f0026,0,cluster+det,vehicle,0.7723,8.1,496,4.31,1.98,1.35,3.19,7.44,0.97,-3.028,0.37858,0.77172,0.0,0.0,0.436235,0,0,0,0,shape 0.38 | unc 0.77 | vru 0.00 → s_obj 0.436
scene_000_f0026,1,cluster+det,vehicle,0.4313,41.7,55,4.14,1.84,1.23,41.55,-3.47,1.01,-3.116,0.37545,0.75326,0.333,0.0,0.610881,1,0,0,0,xa 41.7 m; shape 0.38 | unc 0.75 | vru 0.00 → s_obj 0.611
scene_000_f0027,0,cluster+det,vehicle,0.4739,37.33,61,4.05,1.56,1.47,37.17,-3.44,1.04,-3.108,0.43347,0.64763,0.333,0.0,0.636181,1,0,0,0,xa 37.3 m; shape 0.43 | unc 0.65 | vru 0.00 → s_obj 0.636
scene_000_f0027,1,cluster+det,vehicle,0.785,7.49,466,4.2,1.91,1.37,-0.76,7.45,0.95,-3.051,0.38694,0.67592,0.0,0.0,0.415724,0,0,0,0,shape 0.39 | unc 0.68 | vru 0.00 → s_obj 0.416
scene_000_f0028,0,cluster+det,vehicle,0.7702,8.8,451,4.25,1.94,1.36,-4.72,7.43,0.91,-3.032,0.36784,0.71654,0.0,0.0,0.366431,0,0,0,0,shape 0.37 | unc 0.72 | vru 0.00 → s_obj 0.366
scene_000_f0028,1,cluster+det,vehicle,0.5406,33.49,101,4.16,1.88,1.23,33.34,-3.18,0.98,3.123,0.40072,0.91802,0.333,0.0,0.702829,1,0,0,0,xa 33.5 m; shape 0.40 | unc 0.92 | vru 0.00 → s_obj 0.703
scene_000_f0028,2,cluster+det,other,0.2546,46.81,12,1.92,0.59,0.78,46.55,-4.92,0.96,-3.068,0.46262,1.0,0.333,1.0,0.855277,1,0,0,0,xa 46.8 m; shape 0.46 | unc 1.00 | vru 1.00 → s_obj 0.855
scene_000_f0028,3,cluster,,,47.37,6,0.2,0.15,1.19,46.45,-9.26,0.87,-1.63,0.66151,3.52573,0.667,0.3,1.0,1,1,0,1,xa 47.4 m; ít điểm (6); model bỏ sót (chỉ cluster bắt được); shape 0.66 | unc 3.53 | vru 0.30 → s_obj 1.000
scene_000_f0029,0,cluster+det,vehicle,0.3791,48.0,45,4.24,1.82,1.28,47.87,-3.51,1.03,-2.887,0.40988,0.78119,0.333,0.0,0.681665,1,0,0,0,xa 48.0 m; shape 0.41 | unc 0.78 | vru 0.00 → s_obj 0.682
scene_000_f0029,1,cluster+det,vehicle,0.5817,29.63,125,4.24,1.92,1.29,29.44,-3.42,0.95,3.098,0.3847,0.68359,0.0,0.0,0.415016,0,0,0,0,shape 0.38 | unc 0.68 | vru 0.00 → s_obj 0.415
scene_000_f0029,2,cluster+det,other,0.254,43.54,8,0.46,0.36,1.12,42.54,-9.28,1.01,-1.271,0.56058,0.0,0.667,0.3,0.853781,1,1,0,0,xa 43.5 m; ít điểm (8); shape 0.56 | unc 0.00 | vru 0.30 → s_obj 0.854
scene_000_f0029,3,cluster+det,other,0.2699,42.95,12,1.57,0.58,0.84,42.68,-4.85,0.92,-2.557,0.48,0.93334,0.333,1.0,0.857073,1,0,0,0,xa 43.0 m; shape 0.48 | unc 0.93 | vru 1.00 → s_obj 0.857
scene_000_f0030,0,cluster+det,vehicle,0.6185,25.71,177,4.29,1.93,1.32,25.48,-3.41,1.0,3.097,0.35114,0.74683,0.0,0.0,0.284222,0,0,0,0,shape 0.35 | unc 0.75 | vru 0.00 → s_obj 0.284
scene_000_f0030,1,cluster+det,vehicle,0.4386,43.68,53,4.27,1.75,1.48,43.54,-3.55,1.05,-2.935,0.37499,1.0,0.333,0.0,0.654842,1,0,0,0,xa 43.7 m; shape 0.37 | unc 1.00 | vru 0.00 → s_obj 0.655
scene_000_f0030,2,cluster+det,other,0.281,39.63,12,0.56,0.29,1.17,38.55,-9.21,1.12,1.379,0.56285,1.0,0.333,1.0,0.899075,1,0,0,0,xa 39.6 m; shape 0.56 | unc 1.00 | vru 1.00 → s_obj 0.899
scene_000_f0030,3,cluster+det,bicycle,0.2695,39.08,6,1.06,0.61,1.2,38.8,-4.68,1.01,-0.409,0.51592,0.83393,1.0,0.3,1.0,1,1,1,0,xa 39.1 m; ít điểm (6); model nhầm lẫn lớp; lớp hiếm: bicycle; shape 0.52 | unc 0.83 | vru 0.30 → s_obj 1.000
scene_000_f0031,0,cluster+det,vehicle,0.474,40.11,77,3.96,1.88,1.21,39.97,-3.37,1.08,-2.913,0.37756,0.85255,0.333,0.0,0.641567,1,0,0,0,xa 40.1 m; shape 0.38 | unc 0.85 | vru 0.00 → s_obj 0.642
scene_000_f0031,1,cluster+det,vehicle,0.6588,21.72,215,4.26,1.94,1.39,21.47,-3.31,0.99,3.082,0.35467,0.63876,0.0,0.0,0.251415,0,0,0,0,shape 0.35 | unc 0.64 | vru 0.00 → s_obj 0.251
scene_000_f0031,2,cluster+det,other,0.316,34.85,16,2.07,0.78,0.87,34.53,-4.7,1.12,-3.023,0.46186,0.92182,0.333,1.0,0.845267,1,0,0,0,xa 34.9 m; shape 0.46 | unc 0.92 | vru 1.00 → s_obj 0.845
scene_000_f0031,3,cluster+det,pedestrian,0.3009,35.74,11,0.48,0.46,1.24,34.52,-9.27,0.98,-0.376,0.53762,0.90857,0.667,1.0,0.990044,1,0,1,0,xa 35.7 m; model nhầm lẫn lớp; shape 0.54 | unc 0.91 | vru 1.00 → s_obj 0.990
scene_000_f0032,0,cluster+det,vehicle,0.5266,35.95,84,4.3,1.9,1.35,35.78,-3.5,0.95,-2.904,0.34255,0.68766,0.333,0.0,0.413765,1,0,0,0,xa 35.9 m; shape 0.34 | unc 0.69 | vru 0.00 → s_obj 0.414
scene_000_f0032,1,cluster+det,vehicle,0.6879,17.88,270,4.28,2.03,1.41,17.57,-3.31,0.96,-3.13,0.3749,0.7148,0.0,0.0,0.402285,0,0,0,0,shape 0.37 | unc 0.71 | vru 0.00 → s_obj 0.402
scene_000_f0032,2,cluster+det,bicycle,0.3987,30.71,24,1.81,0.78,1.22,30.33,-4.8,0.93,-2.823,0.43172,0.90332,0.667,1.0,0.943743,1,0,1,0,xa 30.7 m; model nhầm lẫn lớp; lớp hiếm: bicycle; shape 0.43 | unc 0.90 | vru 1.00 → s_obj 0.944
scene_000_f0032,3,cluster+det,pedestrian,0.3791,31.92,25,0.53,0.45,1.31,30.55,-9.25,0.98,-0.436,0.55018,0.88749,0.667,1.0,0.991513,1,0,1,0,xa 31.9 m; model nhầm lẫn lớp; shape 0.55 | unc 0.89 | vru 1.00 → s_obj 0.992
scene_000_f0033,0,cluster+det,vehicle,0.7228,13.8,329,4.26,1.93,1.35,13.4,-3.27,0.94,3.11,0.36477,0.69446,0.0,0.0,0.334875,0,0,0,0,shape 0.36 | unc 0.69 | vru 0.00 → s_obj 0.335
scene_000_f0033,1,cluster+det,motorcycle,0.484,26.65,38,1.97,0.88,1.23,26.19,-4.89,1.07,-3.111,0.44853,0.73044,0.333,1.0,0.79407,0,0,1,0,model nhầm lẫn lớp; lớp hiếm: motorcycle; shape 0.45 | unc 0.73 | vru 1.00 → s_obj 0.794
scene_000_f0033,2,cluster+det,vehicle,0.5628,32.17,129,4.21,1.9,1.27,32.0,-3.33,0.99,-2.966,0.35194,0.78927,0.333,0.0,0.49222,1,0,0,0,xa 32.2 m; shape 0.35 | unc 0.79 | vru 0.00 → s_obj 0.492
scene_000_f0033,3,cluster+det,other,0.3287,28.23,14,0.46,0.34,1.08,26.66,-9.28,1.24,-2.654,0.60198,1.0,0.0,1.0,0.739554,0,0,0,0,shape 0.60 | unc 1.00 | vru 1.00 → s_obj 0.740
scene_000_f0034,0,cluster+det,vehicle,0.7613,9.98,410,4.28,1.9,1.37,9.42,-3.32,0.97,3.112,0.37628,0.69208,0.0,0.0,0.395539,0,0,0,0,shape 0.38 | unc 0.69 | vru 0.00 → s_obj 0.396
scene_000_f0034,1,cluster+det,motorcycle,0.5452,22.84,46,2.0,0.85,1.26,22.31,-4.86,0.91,-2.986,0.44048,0.71646,0.333,1.0,0.783569,0,0,1,0,model nhầm lẫn lớp; lớp hiếm: motorcycle; shape 0.44 | unc 0.72 | vru 1.00 → s_obj 0.784
scene_000_f0034,2,cluster+det,vehicle,0.5992,28.05,148,4.24,1.89,1.31,27.84,-3.46,0.97,-2.964,0.35284,0.79977,0.0,0.0,0.308542,0,0,0,0,shape 0.35 | unc 0.80 | vru 0.00 → s_obj 0.309
scene_000_f0034,3,cluster+det,pedestrian,0.4418,24.36,26,0.61,0.53,1.45,22.55,-9.21,0.9,-1.48,0.55139,0.76213,0.0,1.0,0.654298,0,0,0,0,shape 0.55 | unc 0.76 | vru 1.00 → s_obj 0.654
scene_000_f0034,4,cluster+det,other,0.3504,46.88,41,3.31,1.86,1.35,46.25,7.68,1.1,-2.935,0.42471,1.0,0.333,0.0,0.728346,1,0,0,0,xa 46.9 m; shape 0.42 | unc 1.00 | vru 0.00 → s_obj 0.728
scene_000_f0035,0,cluster+det,vehicle,0.8005,6.29,558,4.29,1.94,1.4,5.35,-3.32,0.9,3.131,0.39413,0.66915,0.0,0.0,0.426279,0,0,0,0,shape 0.39 | unc 0.67 | vru 0.00 → s_obj 0.426
scene_000_f0035,1,cluster+det,vehicle,0.4486,41.91,67,4.09,1.86,1.17,41.23,7.56,1.07,-3.06,0.40543,0.77988,0.333,0.0,0.678292,1,0,0,0,xa 41.9 m; shape 0.41 | unc 0.78 | vru 0.00 → s_obj 0.678
scene_000_f0035,2,cluster+det,motorcycle,0.5895,18.95,57,2.07,0.92,1.1,18.31,-4.86,0.99,-3.021,0.43847,0.84497,0.333,1.0,0.81877,0,0,1,0,model nhầm lẫn lớp; lớp hiếm: motorcycle; shape 0.44 | unc 0.84 | vru 1.00 → s_obj 0.819
scene_000_f0035,3,cluster+det,vehicle,0.649,23.99,175,4.27,2.01,1.53,23.74,-3.48,0.94,-2.978,0.35173,0.56382,0.0,0.0,0.209412,0,0,0,0,shape 0.35 | unc 0.56 | vru 0.00 → s_obj 0.209
scene_000_f0035,4,cluster+det,other,0.4047,20.75,22,0.58,0.34,1.18,18.59,-9.22,1.05,-0.141,0.55713,1.0,0.0,1.0,0.702992,0,0,0,0,shape 0.56 | unc 1.00 | vru 1.00 → s_obj 0.703
scene_000_f0036,0,cluster+det,vehicle,0.8257,3.55,560,4.26,1.93,1.38,1.27,-3.31,0.96,3.113,0.39411,0.67116,0.0,0.0,0.426714,0,0,0,0,shape 0.39 | unc 0.67 | vru 0.00 → s_obj 0.427
scene_000_f0036,1,cluster+det,vehicle,0.5063,38.13,84,4.26,2.01,1.34,37.35,7.72,1.0,-3.025,0.36621,0.80973,0.333,0.0,0.576659,1,0,0,0,xa 38.1 m; shape 0.37 | unc 0.81 | vru 0.00 → s_obj 0.577
scene_000_f0036,2,cluster+det,vehicle,0.6655,20.1,214,4.17,1.89,1.33,19.81,-3.44,0.94,-2.929,0.35274,0.72937,0.0,0.0,0.28667,0,0,0,0,shape 0.35 | unc 0.73 | vru 0.00 → s_obj 0.287
scene_000_f0036,3,cluster+det,pedestrian,0.5154,17.26,38,0.48,0.38,1.33,14.58,-9.23,0.98,0.836,0.59887,0.88799,0.333,1.0,0.912296,0,0,1,0,model nhầm lẫn lớp; shape 0.60 | unc 0.89 | vru 1.00 → s_obj 0.912
scene_000_f0036,4,cluster+det,motorcycle,0.5959,15.08,47,2.04,0.88,1.19,14.27,-4.86,0.93,-2.908,0.42952,0.71354,0.333,1.0,0.773177,0,0,1,0,model nhầm lẫn lớp; lớp hiếm: motorcycle; shape 0.43 | unc 0.71 | vru 1.00 → s_obj 0.773
scene_000_f0037,0,cluster+det,vehicle,0.6957,16.11,290,4.34,1.99,1.33,15.72,-3.49,0.96,-2.896,0.36505,0.73862,0.0,0.0,0.35963,0,0,0,0,shape 0.37 | unc 0.74 | vru 0.00 → s_obj 0.360
scene_000_f0037,1,cluster+det,vehicle,0.8242,4.22,561,4.29,1.93,1.41,-2.61,-3.32,0.94,3.116,0.39707,0.6087,0.0,0.0,0.40593,0,0,0,0,shape 0.40 | unc 0.61 | vru 0.00 → s_obj 0.406
scene_000_f0037,2,cluster+det,motorcycle,0.7135,11.38,78,2.07,0.98,1.23,10.29,-4.86,0.94,-3.013,0.44493,0.69404,0.333,1.0,0.773123,0,0,1,0,model nhầm lẫn lớp; lớp hiếm: motorcycle; shape 0.44 | unc 0.69 | vru 1.00 → s_obj 0.773
scene_000_f0037,3,cluster+det,vehicle,0.5338,34.4,94,4.4,1.98,1.28,33.51,7.74,0.96,3.129,0.34879,0.82245,0.333,0.0,0.484712,1,0,0,0,xa 34.4 m; shape 0.35 | unc 0.82 | vru 0.00 → s_obj 0.485
scene_000_f0037,4,cluster+det,pedestrian,0.5491,14.0,38,0.63,0.45,1.38,10.55,-9.21,0.96,1.458,0.54524,0.78767,0.333,1.0,0.848749,0,0,1,0,model nhầm lẫn lớp; shape 0.55 | unc 0.79 | vru 1.00 → s_obj 0.849
scene_000_f0037,5,cluster+det,vehicle,0.4416,44.85,55,4.21,1.74,1.57,44.16,-7.84,1.0,-2.89,0.37918,0.57786,0.333,0.0,0.546953,1,0,0,0,xa 44.8 m; shape 0.38 | unc 0.58 | vru 0.00 → s_obj 0.547
scene_000_f0038,0,cluster+det,vehicle,0.7472,12.24,385,4.26,1.99,1.46,11.74,-3.46,0.93,-2.929,0.35805,0.61816,0.0,0.0,0.261861,0,0,0,0,shape 0.36 | unc 0.62 | vru 0.00 → s_obj 0.262
scene_000_f0038,1,cluster+det,vehicle,0.4588,41.01,62,4.26,1.89,1.31,40.24,-7.9,0.95,-2.909,0.35668,0.82386,0.333,0.0,0.52704,1,0,0,0,xa 41.0 m; shape 0.36 | unc 0.82 | vru 0.00 → s_obj 0.527
scene_000_f0038,2,cluster+det,motorcycle,0.7713,7.98,96,2.09,0.85,1.22,6.29,-4.91,0.91,-2.917,0.45667,0.73139,0.333,1.0,0.797824,0,0,1,0,model nhầm lẫn lớp; lớp hiếm: motorcycle; shape 0.46 | unc 0.73 | vru 1.00 → s_obj 0.798
scene_000_f0038,3,cluster+det,vehicle,0.5711,30.44,110,4.27,1.83,1.27,29.47,7.6,0.98,-3.011,0.35662,0.72992,0.333,0.0,0.500381,1,0,0,0,xa 30.4 m; shape 0.36 | unc 0.73 | vru 0.00 → s_obj 0.500
scene_000_f0038,4,cluster+det,pedestrian,0.607,11.37,45,0.59,0.56,1.39,6.61,-9.25,1.04,0.119,0.5442,0.72592,0.333,1.0,0.828564,0,0,1,0,model nhầm lẫn lớp; shape 0.54 | unc 0.73 | vru 1.00 → s_obj 0.829
scene_000_f0039,0,cluster+det,motorcycle,0.7875,5.42,100,2.02,0.81,1.16,2.31,-4.9,0.93,-2.982,0.47142,0.74656,0.333,1.0,0.81235,0,0,1,0,model nhầm lẫn lớp; lớp hiếm: motorcycle; shape 0.47 | unc 0.75 | vru 1.00 → s_obj 0.812
scene_000_f0039,1,cluster+det,vehicle,0.7721,8.64,452,4.3,1.89,1.35,7.94,-3.42,0.94,-2.941,0.37342,0.67304,0.0,0.0,0.37432,0,0,0,0,shape 0.37 | unc 0.67 | vru 0.00 → s_obj 0.374
scene_000_f0039,2,cluster+det,pedestrian,0.6963,9.58,65,0.55,0.47,1.44,2.57,-9.23,1.02,1.017,0.59468,0.67888,0.0,1.0,0.653808,0,0,0,0,shape 0.59 | unc 0.68 | vru 1.00 → s_obj 0.654
scene_000_f0039,3,cluster+det,vehicle,0.6207,26.46,161,4.27,1.95,1.4,25.35,7.6,0.96,-3.1,0.34102,0.75999,0.0,0.0,0.250653,0,0,0,0,shape 0.34 | unc 0.76 | vru 0.00 → s_obj 0.251
scene_000_f0039,4,cluster+det,vehicle,0.5229,37.17,95,4.32,1.99,1.35,36.36,-7.7,1.0,-2.89,0.407,0.78946,0.333,0.0,0.682427,1,0,0,0,xa 37.2 m; shape 0.41 | unc 0.79 | vru 0.00 → s_obj 0.682
scene_000_f0040,0,cluster+det,vehicle,0.8111,5.13,563,4.3,1.97,1.4,3.81,-3.44,0.95,-2.958,0.39598,0.70145,0.0,0.0,0.446899,0,0,0,0,shape 0.40 | unc 0.70 | vru 0.00 → s_obj 0.447
scene_000_f0040,1,cluster+det,vehicle,0.6475,22.67,208,4.26,1.99,1.38,21.37,7.57,0.97,-3.091,0.35209,0.77969,0.0,0.0,0.299619,0,0,0,0,shape 0.35 | unc 0.78 | vru 0.00 → s_obj 0.300
scene_000_f0040,2,cluster+det,motorcycle,0.8232,5.12,122,2.13,0.76,1.33,-1.6,-4.86,0.88,-2.964,0.48016,0.67589,0.333,1.0,0.783515,0,0,1,0,model nhầm lẫn lớp; lớp hiếm: motorcycle; shape 0.48 | unc 0.68 | vru 1.00 → s_obj 0.784
scene_000_f0040,3,cluster+det,pedestrian,0.7088,9.31,71,0.55,0.54,1.38,-1.44,-9.2,1.0,1.245,0.59257,0.7794,0.333,1.0,0.885256,0,0,1,0,model nhầm lẫn lớp; shape 0.59 | unc 0.78 | vru 1.00 → s_obj 0.885
scene_000_f0040,4,cluster+det,vehicle,0.5647,33.41,124,4.32,2.07,1.49,32.5,-7.76,1.04,-2.924,0.39099,0.61774,0.333,0.0,0.588248,1,0,0,0,xa 33.4 m; shape 0.39 | unc 0.62 | vru 0.00 → s_obj 0.588
scene_000_f0041,0,cluster+det,vehicle,0.8316,3.5,585,4.3,1.96,1.42,-0.2,-3.5,0.97,-2.961,0.40198,0.60457,0.0,0.0,0.408868,0,0,0,0,shape 0.40 | unc 0.60 | vru 0.00 → s_obj 0.409
scene_000_f0041,1,cluster+det,vehicle,0.5802,29.43,164,4.27,2.02,1.26,28.38,-7.79,0.95,-2.902,0.3518,0.77257,0.0,0.0,0.295647,0,0,0,0,shape 0.35 | unc 0.77 | vru 0.00 → s_obj 0.296
scene_000_f0041,2,cluster+det,vehicle,0.6813,18.91,236,4.29,1.92,1.37,17.35,7.53,0.93,-3.085,0.35757,0.69682,0.0,0.0,0.295539,0,0,0,0,shape 0.36 | unc 0.70 | vru 0.00 → s_obj 0.296
scene_000_f0042,0,cluster+det,vehicle,0.7968,5.42,538,4.3,2.06,1.39,-4.16,-3.48,0.94,-2.977,0.39602,0.789,0.0,0.0,0.480903,0,0,0,0,shape 0.40 | unc 0.79 | vru 0.00 → s_obj 0.481
scene_000_f0042,1,cluster+det,vehicle,0.7102,15.33,314,4.31,1.92,1.36,13.34,7.57,0.96,-3.073,0.35224,0.61488,0.0,0.0,0.228237,0,0,0,0,shape 0.35 | unc 0.61 | vru 0.00 → s_obj 0.228
scene_000_f0042,2,cluster+det,vehicle,0.623,25.55,196,4.38,1.91,1.34,24.34,-7.77,1.03,-3.04,0.36988,0.68434,0.0,0.0,0.362078,0,0,0,0,shape 0.37 | unc 0.68 | vru 0.00 → s_obj 0.362
scene_000_f0042,3,cluster+det,vehicle,0.3921,46.57,51,3.89,1.83,1.25,45.99,-7.31,1.05,-2.874,0.38205,0.88797,0.333,0.0,0.662187,1,0,0,0,xa 46.6 m; shape 0.38 | unc 0.89 | vru 0.00 → s_obj 0.662
scene_000_f0043,0,cluster+det,vehicle,0.6599,21.87,222,4.29,2.04,1.48,20.41,-7.86,0.95,-3.02,0.36975,0.6105,0.0,0.0,0.326224,0,0,0,0,shape 0.37 | unc 0.61 | vru 0.00 → s_obj 0.326
scene_000_f0043,1,cluster+det,vehicle,0.7526,12.13,349,4.29,2.01,1.52,9.43,7.63,0.96,-3.045,0.36502,0.58621,0.0,0.0,0.289064,0,0,0,0,shape 0.37 | unc 0.59 | vru 0.00 → s_obj 0.289
scene_000_f0043,2,cluster+det,vehicle,0.4442,42.4,61,4.12,1.89,1.27,41.74,-7.47,0.94,-2.989,0.35357,0.82372,0.333,0.0,0.509358,1,0,0,0,xa 42.4 m; shape 0.35 | unc 0.82 | vru 0.00 → s_obj 0.509
scene_000_f0044,0,cluster+det,vehicle,0.7704,9.26,441,4.3,1.99,1.42,5.33,7.57,0.94,-3.098,0.3626,0.6015,0.0,0.0,0.280686,0,0,0,0,shape 0.36 | unc 0.60 | vru 0.00 → s_obj 0.281
scene_000_f0044,1,cluster+det,vehicle,0.4798,38.7,72,4.01,1.96,1.27,37.96,-7.51,1.04,-3.037,0.37884,0.80407,0.333,0.0,0.63667,1,0,0,0,xa 38.7 m; shape 0.38 | unc 0.80 | vru 0.00 → s_obj 0.637
scene_000_f0044,2,cluster+det,vehicle,0.6921,18.17,297,4.28,1.91,1.41,16.42,-7.77,0.96,-2.97,0.36137,0.72799,0.0,0.0,0.334168,0,0,0,0,shape 0.36 | unc 0.73 | vru 0.00 → s_obj 0.334
scene_000_f0045,0,cluster+det,vehicle,0.7126,14.63,360,4.33,1.97,1.35,12.35,-7.84,0.92,-2.95,0.35618,0.73294,0.0,0.0,0.309412,0,0,0,0,shape 0.36 | unc 0.73 | vru 0.00 → s_obj 0.309
scene_000_f0045,1,cluster+det,vehicle,0.7811,7.71,484,4.3,1.93,1.36,1.23,7.61,0.95,-3.082,0.37229,0.6688,0.0,0.0,0.365397,0,0,0,0,shape 0.37 | unc 0.67 | vru 0.00 → s_obj 0.365
scene_000_f0045,2,cluster+det,vehicle,0.5269,34.7,87,4.27,1.98,1.28,33.89,-7.46,1.0,-2.955,0.38715,0.78608,0.333,0.0,0.652938,1,0,0,0,xa 34.7 m; shape 0.39 | unc 0.79 | vru 0.00 → s_obj 0.653
scene_000_f0046,0,cluster+det,vehicle,0.7764,8.07,454,4.29,1.95,1.36,-2.69,7.6,0.93,-3.099,0.36653,0.7265,0.0,0.0,0.362677,0,0,0,0,shape 0.37 | unc 0.73 | vru 0.00 → s_obj 0.363
scene_000_f0046,1,cluster+det,vehicle,0.7352,11.46,375,4.29,2.04,1.34,8.4,-7.79,0.98,-2.918,0.3716,0.83813,0.0,0.0,0.422905,0,0,0,0,shape 0.37 | unc 0.84 | vru 0.00 → s_obj 0.423
scene_000_f0046,2,cluster+det,vehicle,0.5807,30.93,140,4.2,1.88,1.34,30.0,-7.52,1.06,-2.983,0.39138,0.80636,0.333,0.0,0.666921,1,0,0,0,xa 30.9 m; shape 0.39 | unc 0.81 | vru 0.00 → s_obj 0.667
scene_000_f0046,3,cluster+det,bicycle,0.2822,44.4,12,1.56,0.46,1.14,44.12,-4.98,0.97,2.851,0.45912,0.83869,0.667,1.0,0.94815,1,0,1,0,xa 44.4 m; model nhầm lẫn lớp; lớp hiếm: bicycle; shape 0.46 | unc 0.84 | vru 1.00 → s_obj 0.948
scene_000_f0047,0,cluster+det,vehicle,0.7753,8.87,507,4.33,1.99,1.43,4.3,-7.76,0.95,-2.986,0.37453,0.63792,0.0,0.0,0.359848,0,0,0,0,shape 0.37 | unc 0.64 | vru 0.00 → s_obj 0.360
scene_000_f0047,1,cluster+det,vehicle,0.5958,27.08,131,4.27,1.92,1.23,26.01,-7.54,0.96,-3.034,0.35826,0.81202,0.0,0.0,0.342655,0,0,0,0,shape 0.36 | unc 0.81 | vru 0.00 → s_obj 0.343
scene_000_f0047,2,cluster+det,other,0.2804,40.17,12,1.8,0.55,0.86,39.88,-4.78,1.08,2.877,0.48292,0.92605,0.333,1.0,0.858868,1,0,0,0,xa 40.2 m; shape 0.48 | unc 0.93 | vru 1.00 → s_obj 0.859
scene_000_f0048,0,cluster+det,vehicle,0.7775,7.78,527,4.3,1.98,1.36,0.47,-7.76,0.97,-3.002,0.37643,0.72945,0.0,0.0,0.416322,0,0,0,0,shape 0.38 | unc 0.73 | vru 0.00 → s_obj 0.416
scene_000_f0048,1,cluster+det,vehicle,0.6513,23.36,198,4.15,1.97,1.48,22.13,-7.47,1.01,-2.957,0.37262,0.53342,0.0,0.0,0.323667,0,0,0,0,shape 0.37 | unc 0.53 | vru 0.00 → s_obj 0.324
scene_000_f0048,2,cluster+det,motorcycle,0.3366,36.47,18,2.21,0.72,1.12,36.14,-4.89,1.0,2.865,0.44334,0.839,0.667,1.0,0.940696,1,0,1,0,xa 36.5 m; model nhầm lẫn lớp; lớp hiếm: motorcycle; shape 0.44 | unc 0.84 | vru 1.00 → s_obj 0.941
scene_000_f0049,0,cluster+det,vehicle,0.77,8.61,518,4.3,2.01,1.38,-3.67,-7.79,0.94,-3.001,0.38018,0.7128,0.0,0.0,0.419859,0,0,0,0,shape 0.38 | unc 0.71 | vru 0.00 → s_obj 0.420
scene_000_f0049,1,cluster+det,vehicle,0.6813,19.53,231,4.29,2.02,1.48,18.05,-7.44,1.0,-3.021,0.36794,0.62479,0.0,0.0,0.320511,0,0,0,0,shape 0.37 | unc 0.62 | vru 0.00 → s_obj 0.321
scene_000_f0049,2,cluster+det,bicycle,0.3302,32.34,15,1.88,0.64,0.97,31.98,-4.78,0.97,2.965,0.43757,0.81299,0.667,1.0,0.931719,1,0,1,0,xa 32.3 m; model nhầm lẫn lớp; lớp hiếm: bicycle; shape 0.44 | unc 0.81 | vru 1.00 → s_obj 0.932
scene_001_f0000,0,cluster+det,vehicle,0.6699,21.18,208,4.3,1.94,1.44,19.89,7.27,0.91,3.101,0.35423,0.56909,0.0,0.0,0.227584,0,0,0,0,shape 0.35 | unc 0.57 | vru 0.00 → s_obj 0.228
scene_001_f0000,1,cluster+det,pedestrian,0.4056,27.98,26,0.47,0.35,1.42,25.61,-11.27,1.02,0.398,0.59831,0.8217,0.333,1.0,0.898857,0,0,1,0,model nhầm lẫn lớp; shape 0.60 | unc 0.82 | vru 1.00 → s_obj 0.899
scene_001_f0001,0,cluster+det,vehicle,0.6941,17.5,282,4.3,1.9,1.37,15.9,7.31,0.91,3.111,0.34777,0.69587,0.0,0.0,0.244178,0,0,0,0,shape 0.35 | unc 0.70 | vru 0.00 → s_obj 0.244
scene_001_f0001,1,cluster+det,pedestrian,0.4309,24.34,26,0.54,0.42,1.42,21.59,-11.23,0.86,-0.362,0.56232,0.79933,0.333,1.0,0.864853,0,0,1,0,model nhầm lẫn lớp; shape 0.56 | unc 0.80 | vru 1.00 → s_obj 0.865
scene_001_f0001,2,cluster+det,vehicle,0.3979,46.84,49,3.81,1.86,1.5,46.22,7.55,0.87,2.882,0.37991,0.83253,0.333,0.0,0.646355,1,0,0,0,xa 46.8 m; shape 0.38 | unc 0.83 | vru 0.00 → s_obj 0.646
scene_001_f0002,0,cluster+det,vehicle,0.7181,14.01,331,4.3,2.01,1.37,11.97,7.28,0.92,-3.119,0.35677,0.66127,0.0,0.0,0.273885,0,0,0,0,shape 0.36 | unc 0.66 | vru 0.00 → s_obj 0.274
scene_001_f0002,1,cluster+det,pedestrian,0.4258,20.88,21,0.52,0.37,1.47,17.62,-11.2,0.88,-0.755,0.58266,0.68363,0.333,1.0,0.839499,0,0,1,0,model nhầm lẫn lớp; shape 0.58 | unc 0.68 | vru 1.00 → s_obj 0.839
scene_001_f0002,2,cluster+det,vehicle,0.4578,43.02,58,4.17,1.82,1.52,42.34,7.65,0.91,2.937,0.36248,0.55743,0.333,0.0,0.457889,1,0,0,0,xa 43.0 m; shape 0.36 | unc 0.56 | vru 0.00 → s_obj 0.458
scene_001_f0003,0,cluster+det,vehicle,0.7659,10.8,419,4.25,1.96,1.48,7.97,7.29,0.93,3.113,0.3822,0.66107,0.0,0.0,0.397171,0,0,0,0,shape 0.38 | unc 0.66 | vru 0.00 → s_obj 0.397
scene_001_f0003,1,cluster+det,vehicle,0.5133,38.94,89,4.22,1.97,1.4,38.2,7.53,0.89,3.018,0.3414,0.60437,0.333,0.0,0.371382,1,0,0,0,xa 38.9 m; shape 0.34 | unc 0.60 | vru 0.00 → s_obj 0.371
scene_001_f0003,2,cluster+det,pedestrian,0.5849,17.62,49,0.55,0.51,1.46,13.58,-11.23,0.93,-1.428,0.57057,0.76304,0.0,1.0,0.673123,0,0,0,0,shape 0.57 | unc 0.76 | vru 1.00 → s_obj 0.673
scene_001_f0004,0,cluster+det,vehicle,0.7727,8.34,526,4.37,2.07,1.44,3.95,7.34,0.98,3.076,0.41139,0.70021,0.0,0.0,0.461317,0,0,0,0,shape 0.41 | unc 0.70 | vru 0.00 → s_obj 0.461
scene_001_f0004,1,cluster+det,pedestrian,0.5795,14.81,50,0.64,0.56,1.22,9.6,-11.27,0.87,1.253,0.57241,0.90953,0.333,1.0,0.896627,0,0,1,0,model nhầm lẫn lớp; shape 0.57 | unc 0.91 | vru 1.00 → s_obj 0.897
scene_001_f0004,2,cluster+det,vehicle,0.5619,34.9,122,4.34,2.0,1.51,34.05,7.67,0.92,2.909,0.34704,0.52446,0.333,0.0,0.373286,1,0,0,0,xa 34.9 m; shape 0.35 | unc 0.52 | vru 0.00 → s_obj 0.373
scene_001_f0005,0,cluster+det,vehicle,0.7889,7.3,511,4.3,1.97,1.4,-0.14,7.3,0.9,-3.137,0.37878,0.67723,0.0,0.0,0.395647,0,0,0,0,shape 0.38 | unc 0.68 | vru 0.00 → s_obj 0.396
scene_001_f0005,1,cluster+det,vehicle,0.5963,31.22,135,4.18,1.91,1.53,30.28,7.63,0.95,2.968,0.3744,0.55813,0.333,0.0,0.524864,1,0,0,0,xa 31.2 m; shape 0.37 | unc 0.56 | vru 0.00 → s_obj 0.525
scene_001_f0005,2,cluster+det,pedestrian,0.6497,12.53,57,0.57,0.55,1.43,5.58,-11.22,0.92,1.186,0.57941,0.67738,0.0,1.0,0.643634,0,0,0,0,shape 0.58 | unc 0.68 | vru 1.00 → s_obj 0.644
scene_001_f0006,0,cluster+det,vehicle,0.764,8.41,453,4.37,2.16,1.49,-4.12,7.34,0.93,-3.086,0.3844,0.77433,0.0,0.0,0.451904,0,0,0,0,shape 0.38 | unc 0.77 | vru 0.00 → s_obj 0.452
scene_001_f0006,1,cluster+det,vehicle,0.6217,27.08,155,4.21,1.89,1.44,25.99,7.62,0.98,3.006,0.35897,0.53341,0.0,0.0,0.246192,0,0,0,0,shape 0.36 | unc 0.53 | vru 0.00 → s_obj 0.246
scene_001_f0006,2,cluster+det,pedestrian,0.5994,11.35,42,0.62,0.58,1.42,1.58,-11.24,0.95,1.373,0.55764,0.67823,0.0,1.0,0.622797,0,0,0,0,shape 0.56 | unc 0.68 | vru 1.00 → s_obj 0.623
scene_001_f0007,0,cluster+det,vehicle,0.6297,23.52,200,4.25,2.13,1.4,22.24,7.65,0.98,3.055,0.36611,0.85558,0.0,0.0,0.394723,0,0,0,0,shape 0.37 | unc 0.86 | vru 0.00 → s_obj 0.395
scene_001_f0007,1,cluster+det,pedestrian,0.665,11.49,60,0.61,0.6,1.4,-2.4,-11.24,0.87,-0.289,0.5747,0.70682,0.0,1.0,0.654189,0,0,0,0,shape 0.57 | unc 0.71 | vru 1.00 → s_obj 0.654
scene_001_f0008,0,cluster+det,vehicle,0.6727,19.75,245,4.25,1.98,1.39,18.22,7.62,0.92,2.954,0.35391,0.68347,0.0,0.0,0.270892,0,0,0,0,shape 0.35 | unc 0.68 | vru 0.00 → s_obj 0.271
scene_001_f0008,1,cluster,,,44.11,5,0.26,0.07,1.35,43.19,9.0,0.97,-1.638,0.69324,3.52573,0.667,0.3,1.0,1,1,0,1,xa 44.1 m; ít điểm (5); model bỏ sót (chỉ cluster bắt được); shape 0.69 | unc 3.53 | vru 0.30 → s_obj 1.000
scene_001_f0009,0,cluster+det,vehicle,0.7016,16.02,279,4.31,1.99,1.37,14.07,7.65,0.92,3.022,0.35358,0.62444,0.0,0.0,0.240207,0,0,0,0,shape 0.35 | unc 0.62 | vru 0.00 → s_obj 0.240
scene_001_f0009,1,cluster+det,other,0.4305,44.15,67,4.06,2.01,1.11,44.05,-2.95,0.93,-2.879,0.37913,0.70226,0.333,0.0,0.600925,1,0,0,0,xa 44.2 m; shape 0.38 | unc 0.70 | vru 0.00 → s_obj 0.601
scene_001_f0009,2,cluster+det,other,0.2794,40.02,11,0.49,0.23,1.3,38.99,9.0,0.86,-0.6,0.60374,1.0,0.333,1.0,0.932209,1,0,0,0,xa 40.0 m; shape 0.60 | unc 1.00 | vru 1.00 → s_obj 0.932
scene_001_f0010,0,cluster+det,vehicle,0.7425,12.7,380,4.29,1.93,1.42,10.19,7.57,0.91,2.99,0.36194,0.59486,0.0,0.0,0.27568,0,0,0,0,shape 0.36 | unc 0.59 | vru 0.00 → s_obj 0.276
scene_001_f0010,1,cluster+det,other,0.3854,46.78,55,3.12,2.0,1.37,46.64,3.57,0.89,2.964,0.46559,0.70108,0.333,0.0,0.683025,1,0,0,0,xa 46.8 m; shape 0.47 | unc 0.70 | vru 0.00 → s_obj 0.683
scene_001_f0010,2,cluster+det,vehicle,0.5054,40.38,87,4.19,2.01,1.47,40.28,-2.84,0.99,-3.011,0.37303,0.65062,0.333,0.0,0.551088,1,0,0,0,xa 40.4 m; shape 0.37 | unc 0.65 | vru 0.00 → s_obj 0.551
scene_001_f0010,3,cluster+det,pedestrian,0.3508,36.17,19,0.5,0.49,1.45,35.01,9.09,0.97,-2.387,0.59101,0.87545,0.333,1.0,0.903808,1,0,0,0,xa 36.2 m; shape 0.59 | unc 0.88 | vru 1.00 → s_obj 0.904
scene_001_f0010,4,cluster,,,44.24,7,1.04,0.45,1.0,44.09,3.69,0.99,1.568,0.48394,3.52573,0.667,0.3,0.972688,1,1,0,1,xa 44.2 m; ít điểm (7); model bỏ sót (chỉ cluster bắt được); shape 0.48 | unc 3.53 | vru 0.30 → s_obj 0.973
scene_001_f0011,0,cluster+det,vehicle,0.7698,9.76,456,4.3,1.99,1.45,6.2,7.54,0.96,2.988,0.37337,0.64419,0.0,0.0,0.358379,0,0,0,0,shape 0.37 | unc 0.64 | vru 0.00 → s_obj 0.358
scene_001_f0011,1,cluster+det,vehicle,0.5324,35.96,104,4.25,1.86,1.29,35.83,-2.99,0.93,-2.955,0.35561,0.7906,0.333,0.0,0.513493,1,0,0,0,xa 36.0 m; shape 0.36 | unc 0.79 | vru 0.00 → s_obj 0.513
scene_001_f0011,2,cluster+det,other,0.317,32.29,14,0.62,0.36,1.15,30.99,9.04,0.99,-2.437,0.54345,0.76086,0.333,1.0,0.839064,1,0,0,0,xa 32.3 m; shape 0.54 | unc 0.76 | vru 1.00 → s_obj 0.839
scene_001_f0011,3,cluster+det,vehicle,0.4727,41.77,76,4.27,1.88,1.27,41.59,3.85,0.99,3.028,0.35878,0.86688,0.333,0.0,0.547225,1,0,0,0,xa 41.8 m; shape 0.36 | unc 0.87 | vru 0.00 → s_obj 0.547
scene_001_f0012,0,cluster+det,vehicle,0.776,7.92,499,4.31,2.03,1.39,2.26,7.59,0.92,2.947,0.39044,0.67265,0.0,0.0,0.421763,0,0,0,0,shape 0.39 | unc 0.67 | vru 0.00 → s_obj 0.422
scene_001_f0012,1,cluster+det,vehicle,0.5024,37.94,72,4.26,2.11,1.61,37.76,3.75,0.99,2.946,0.39586,0.70965,0.333,0.0,0.64173,1,0,0,0,xa 37.9 m; shape 0.40 | unc 0.71 | vru 0.00 → s_obj 0.642
scene_001_f0012,2,cluster+det,vehicle,0.5759,32.1,136,4.22,2.05,1.47,31.95,-3.1,0.91,-3.002,0.34736,0.65125,0.333,0.0,0.41012,1,0,0,0,xa 32.1 m; shape 0.35 | unc 0.65 | vru 0.00 → s_obj 0.410
scene_001_f0012,3,cluster+det,pedestrian,0.3984,28.5,25,0.51,0.49,1.32,27.04,9.01,1.08,-0.262,0.56778,0.82623,0.333,1.0,0.878183,0,0,1,0,model nhầm lẫn lớp; shape 0.57 | unc 0.83 | vru 1.00 → s_obj 0.878
scene_001_f0013,0,cluster+det,vehicle,0.783,7.8,489,4.28,1.94,1.38,-1.79,7.59,0.94,3.001,0.36903,0.68963,0.0,0.0,0.360065,0,0,0,0,shape 0.37 | unc 0.69 | vru 0.00 → s_obj 0.360
scene_001_f0013,1,cluster+det,vehicle,0.6096,28.32,156,4.24,1.98,1.45,28.16,-2.99,0.92,-2.99,0.3588,0.6227,0.0,0.0,0.26926,0,0,0,0,shape 0.36 | unc 0.62 | vru 0.00 → s_obj 0.269
scene_001_f0013,2,cluster+det,vehicle,0.5583,34.06,134,4.22,1.89,1.35,33.87,3.59,0.92,2.94,0.34777,0.71236,0.333,0.0,0.443743,1,0,0,0,xa 34.1 m; shape 0.35 | unc 0.71 | vru 0.00 → s_obj 0.444
scene_001_f0013,3,cluster+det,pedestrian,0.3692,24.73,16,0.47,0.4,1.3,23.03,9.03,1.0,0.637,0.56952,1.0,0.333,1.0,0.90593,0,0,1,0,model nhầm lẫn lớp; shape 0.57 | unc 1.00 | vru 1.00 → s_obj 0.906
scene_001_f0014,0,cluster+det,pedestrian,0.455,21.03,31,0.65,0.56,1.21,19.0,9.01,1.09,-0.574,0.57295,0.68101,0.333,1.0,0.829108,0,0,1,0,model nhầm lẫn lớp; shape 0.57 | unc 0.68 | vru 1.00 → s_obj 0.829
scene_001_f0014,1,cluster+det,vehicle,0.5974,29.88,130,4.25,1.9,1.43,29.64,3.81,0.95,2.971,0.34526,0.6557,0.0,0.0,0.213003,0,0,0,0,shape 0.35 | unc 0.66 | vru 0.00 → s_obj 0.213
scene_001_f0014,2,cluster+det,vehicle,0.6313,24.2,159,4.28,1.95,1.34,24.01,-3.0,0.94,-2.955,0.34943,0.72401,0.0,0.0,0.267628,0,0,0,0,shape 0.35 | unc 0.72 | vru 0.00 → s_obj 0.268
scene_001_f0015,0,cluster+det,vehicle,0.6235,26.1,167,4.28,1.88,1.38,25.83,3.72,0.98,2.981,0.3653,0.60752,0.0,0.0,0.299837,0,0,0,0,shape 0.37 | unc 0.61 | vru 0.00 → s_obj 0.300
scene_001_f0015,1,cluster+det,vehicle,0.6819,20.37,241,4.3,1.9,1.47,20.16,-2.93,0.91,-2.957,0.35605,0.59548,0.0,0.0,0.244015,0,0,0,0,shape 0.36 | unc 0.60 | vru 0.00 → s_obj 0.244
scene_001_f0015,2,cluster+det,pedestrian,0.5006,17.54,32,0.71,0.48,1.4,15.04,9.03,0.98,-0.583,0.54884,0.76097,0.333,1.0,0.843036,0,0,1,0,model nhầm lẫn lớp; shape 0.55 | unc 0.76 | vru 1.00 → s_obj 0.843
scene_001_f0016,0,cluster+det,vehicle,0.6532,22.16,215,4.27,1.88,1.36,21.83,3.82,0.93,2.989,0.36034,0.64583,0.0,0.0,0.282916,0,0,0,0,shape 0.36 | unc 0.65 | vru 0.00 → s_obj 0.283
scene_001_f0016,1,cluster+det,vehicle,0.4124,47.43,52,4.34,1.89,1.41,46.87,7.29,0.97,3.101,0.37075,0.75673,0.333,0.0,0.588303,1,0,0,0,xa 47.4 m; shape 0.37 | unc 0.76 | vru 0.00 → s_obj 0.588
scene_001_f0016,2,cluster+det,vehicle,0.718,16.52,293,4.33,2.03,1.74,16.25,-2.97,0.91,-2.937,0.38692,0.54421,0.0,0.0,0.367845,0,0,0,0,shape 0.39 | unc 0.54 | vru 0.00 → s_obj 0.368
scene_001_f0016,3,cluster+det,pedestrian,0.5915,14.25,47,0.54,0.51,1.38,10.98,9.08,0.92,1.895,0.56766,0.73499,0.333,1.0,0.852775,0,0,1,0,model nhầm lẫn lớp; shape 0.57 | unc 0.73 | vru 1.00 → s_obj 0.853
scene_001_f0017,0,cluster+det,vehicle,0.7364,12.49,334,4.29,1.99,1.39,12.13,-2.99,0.94,-3.009,0.35037,0.71743,0.0,0.0,0.269423,0,0,0,0,shape 0.35 | unc 0.72 | vru 0.00 → s_obj 0.269
scene_001_f0017,1,cluster+det,vehicle,0.6992,18.12,274,4.3,1.97,1.49,17.74,3.71,0.96,2.968,0.35389,0.55229,0.0,0.0,0.220566,0,0,0,0,shape 0.35 | unc 0.55 | vru 0.00 → s_obj 0.221
scene_001_f0017,2,cluster+det,vehicle,0.4616,43.64,65,4.21,1.9,1.44,43.04,7.18,0.95,-3.05,0.35814,0.7372,0.333,0.0,0.51099,1,0,0,0,xa 43.6 m; shape 0.36 | unc 0.74 | vru 0.00 → s_obj 0.511
scene_001_f0017,3,cluster+det,vehicle,0.4259,44.19,53,4.2,1.82,1.36,44.05,3.56,1.0,2.946,0.36509,0.5446,0.333,0.0,0.471926,1,0,0,0,xa 44.2 m; shape 0.37 | unc 0.54 | vru 0.00 → s_obj 0.472
scene_001_f0017,4,cluster+det,pedestrian,0.5039,11.47,28,0.57,0.49,1.28,6.99,9.09,1.15,-1.512,0.57178,0.72962,0.333,1.0,0.854135,0,0,1,0,model nhầm lẫn lớp; shape 0.57 | unc 0.73 | vru 1.00 → s_obj 0.854
scene_001_f0018,0,cluster+det,vehicle,0.7206,14.27,296,4.3,2.0,1.4,13.74,3.83,0.96,2.967,0.34654,0.6721,0.0,0.0,0.226442,0,0,0,0,shape 0.35 | unc 0.67 | vru 0.00 → s_obj 0.226
scene_001_f0018,1,cluster+det,vehicle,0.7781,8.64,457,4.3,1.97,1.42,8.11,-2.98,0.98,-2.946,0.38019,0.63336,0.0,0.0,0.378945,0,0,0,0,shape 0.38 | unc 0.63 | vru 0.00 → s_obj 0.379
scene_001_f0018,2,cluster+det,vehicle,0.4767,40.55,58,4.26,1.84,1.56,40.39,3.6,0.92,2.962,0.38786,0.49958,0.333,0.0,0.558161,1,0,0,0,xa 40.5 m; shape 0.39 | unc 0.50 | vru 0.00 → s_obj 0.558
scene_001_f0018,3,cluster+det,vehicle,0.4911,39.58,78,4.32,1.86,1.29,38.92,7.2,0.92,2.989,0.35738,0.70655,0.333,0.0,0.490533,1,0,0,0,xa 39.6 m; shape 0.36 | unc 0.71 | vru 0.00 → s_obj 0.491
scene_001_f0018,4,cluster+det,pedestrian,0.6754,9.54,63,0.51,0.47,1.33,3.03,9.04,0.99,1.424,0.61549,0.82558,0.333,1.0,0.908868,0,0,1,0,model nhầm lẫn lớp; shape 0.62 | unc 0.83 | vru 1.00 → s_obj 0.909
scene_001_f0019,0,cluster+det,vehicle,0.7557,10.45,405,4.25,2.01,1.41,9.77,3.69,0.95,3.025,0.36466,0.66325,0.0,0.0,0.316866,0,0,0,0,shape 0.36 | unc 0.66 | vru 0.00 → s_obj 0.317
scene_001_f0019,1,cluster+det,vehicle,0.8059,5.1,593,4.28,1.9,1.35,4.12,-3.0,0.94,-2.953,0.41745,0.67181,0.0,0.0,0.449891,0,0,0,0,shape 0.42 | unc 0.67 | vru 0.00 → s_obj 0.450
scene_001_f0019,2,cluster+det,vehicle,0.5488,35.5,115,4.27,1.86,1.37,34.77,7.16,0.95,3.093,0.34745,0.76599,0.333,0.0,0.463711,1,0,0,0,xa 35.5 m; shape 0.35 | unc 0.77 | vru 0.00 → s_obj 0.464
scene_001_f0019,3,cluster+det,vehicle,0.5028,36.35,85,4.24,2.3,1.47,36.17,3.65,0.93,2.779,0.38233,0.89733,0.333,0.0,0.665288,1,0,0,0,xa 36.4 m; shape 0.38 | unc 0.90 | vru 0.00 → s_obj 0.665
scene_001_f0019,4,cluster+det,pedestrian,0.6492,9.08,51,0.52,0.48,1.41,-0.98,9.03,1.07,1.318,0.59245,0.73012,0.333,1.0,0.869695,0,0,1,0,model nhầm lẫn lớp; shape 0.59 | unc 0.73 | vru 1.00 → s_obj 0.870
scene_001_f0020,0,cluster+det,vehicle,0.8296,3.0,596,4.28,1.93,1.37,0.02,-3.0,0.93,-2.969,0.41351,0.65706,0.0,0.0,0.43901,0,0,0,0,shape 0.41 | unc 0.66 | vru 0.00 → s_obj 0.439
scene_001_f0020,1,cluster+det,vehicle,0.7895,6.92,489,4.28,1.95,1.37,5.82,3.74,0.96,2.988,0.37129,0.70652,0.0,0.0,0.378836,0,0,0,0,shape 0.37 | unc 0.71 | vru 0.00 → s_obj 0.379
scene_001_f0020,2,cluster+det,vehicle,0.5779,31.61,118,4.26,1.93,1.39,30.78,7.17,0.96,2.98,0.34696,0.61492,0.333,0.0,0.394777,1,0,0,0,xa 31.6 m; shape 0.35 | unc 0.61 | vru 0.00 → s_obj 0.395
scene_001_f0020,3,cluster+det,vehicle,0.5739,32.48,140,4.3,1.9,1.38,32.27,3.67,0.93,2.979,0.3502,0.68607,0.333,0.0,0.442002,1,0,0,0,xa 32.5 m; shape 0.35 | unc 0.69 | vru 0.00 → s_obj 0.442
scene_001_f0020,4,cluster+det,pedestrian,0.6215,10.31,51,0.64,0.62,1.25,-4.94,9.05,1.05,0.807,0.57474,0.86505,0.333,1.0,0.890968,0,0,1,0,model nhầm lẫn lớp; shape 0.57 | unc 0.87 | vru 1.00 → s_obj 0.891
scene_001_f0021,0,cluster+det,vehicle,0.8176,4.16,575,4.3,1.95,1.38,1.82,3.74,0.96,2.981,0.40221,0.68505,0.0,0.0,0.447878,0,0,0,0,shape 0.40 | unc 0.69 | vru 0.00 → s_obj 0.448
scene_001_f0021,1,cluster+det,vehicle,0.8116,4.97,578,4.3,1.9,1.37,-3.96,-3.0,0.92,-2.944,0.41004,0.65211,0.0,0.0,0.434059,0,0,0,0,shape 0.41 | unc 0.65 | vru 0.00 → s_obj 0.434
scene_001_f0021,2,cluster+det,vehicle,0.605,28.28,128,4.27,1.94,1.4,28.04,3.67,1.02,2.938,0.36494,0.65551,0.0,0.0,0.31605,0,0,0,0,shape 0.36 | unc 0.66 | vru 0.00 → s_obj 0.316
scene_001_f0021,3,cluster+det,vehicle,0.6126,27.51,154,4.2,1.98,1.43,26.54,7.22,0.97,3.024,0.34036,0.61873,0.0,0.0,0.186181,0,0,0,0,shape 0.34 | unc 0.62 | vru 0.00 → s_obj 0.186
scene_001_f0022,0,cluster+det,vehicle,0.8175,4.36,593,4.29,1.89,1.37,-2.24,3.74,0.94,2.992,0.41727,0.66324,0.0,0.0,0.445049,0,0,0,0,shape 0.42 | unc 0.66 | vru 0.00 → s_obj 0.445
scene_001_f0022,1,cluster+det,vehicle,0.6419,24.44,187,4.24,1.94,1.44,24.17,3.64,0.99,2.936,0.35651,0.54526,0.0,0.0,0.233351,0,0,0,0,shape 0.36 | unc 0.55 | vru 0.00 → s_obj 0.233
scene_001_f0022,2,cluster+det,vehicle,0.6391,23.94,206,4.3,2.02,1.42,22.84,7.19,0.98,3.032,0.35308,0.67404,0.0,0.0,0.260881,0,0,0,0,shape 0.35 | unc 0.67 | vru 0.00 → s_obj 0.261
scene_001_f0023,0,cluster+det,vehicle,0.6676,20.14,226,4.25,1.91,1.35,18.84,7.14,0.95,3.073,0.34955,0.67443,0.0,0.0,0.242383,0,0,0,0,shape 0.35 | unc 0.67 | vru 0.00 → s_obj 0.242
scene_001_f0023,1,cluster+det,vehicle,0.6691,20.73,204,4.28,1.98,1.43,20.42,3.58,0.95,2.949,0.34686,0.65295,0.0,0.0,0.218281,0,0,0,0,shape 0.35 | unc 0.65 | vru 0.00 → s_obj 0.218
scene_001_f0023,2,cluster,,,46.75,7,0.49,0.18,0.77,45.78,9.48,1.17,-0.092,0.60222,3.52573,0.667,0.3,1.0,1,1,0,1,xa 46.7 m; ít điểm (7); model bỏ sót (chỉ cluster bắt được); shape 0.60 | unc 3.53 | vru 0.30 → s_obj 1.000
scene_001_f0024,0,cluster+det,vehicle,0.6967,16.49,304,4.26,1.97,1.35,14.85,7.17,0.89,3.076,0.35159,0.71592,0.0,0.0,0.273449,0,0,0,0,shape 0.35 | unc 0.72 | vru 0.00 → s_obj 0.273
scene_001_f0024,1,cluster+det,vehicle,0.7001,16.67,294,4.27,1.88,1.36,16.26,3.66,0.92,2.94,0.35934,0.6126,0.0,0.0,0.267465,0,0,0,0,shape 0.36 | unc 0.61 | vru 0.00 → s_obj 0.267
scene_001_f0024,2,cluster+det,other,0.251,42.81,8,0.54,0.28,0.97,41.74,9.49,1.2,-0.178,0.57688,0.0,0.667,0.3,0.8713,1,1,0,0,xa 42.8 m; ít điểm (8); shape 0.58 | unc 0.00 | vru 0.30 → s_obj 0.871
scene_001_f0025,0,cluster+det,vehicle,0.733,12.87,347,4.29,1.91,1.36,10.72,7.13,0.93,3.024,0.37232,0.66927,0.0,0.0,0.366812,0,0,0,0,shape 0.37 | unc 0.67 | vru 0.00 → s_obj 0.367
scene_001_f0025,1,cluster+det,vehicle,0.7265,12.84,380,4.27,2.09,1.42,12.31,3.64,0.95,2.896,0.35805,0.72289,0.0,0.0,0.313058,0,0,0,0,shape 0.36 | unc 0.72 | vru 0.00 → s_obj 0.313
scene_001_f0025,2,cluster+det,other,0.2852,38.86,11,0.53,0.36,1.22,37.69,9.47,1.21,1.826,0.5749,1.0,0.333,1.0,0.911262,1,0,0,0,xa 38.9 m; shape 0.57 | unc 1.00 | vru 1.00 → s_obj 0.911
scene_001_f0026,0,cluster+det,vehicle,0.7779,9.06,465,4.3,1.93,1.43,8.31,3.62,0.95,2.948,0.36167,0.57267,0.0,0.0,0.267193,0,0,0,0,shape 0.36 | unc 0.57 | vru 0.00 → s_obj 0.267
scene_001_f0026,1,cluster+det,vehicle,0.7782,9.88,395,4.29,2.0,1.55,6.78,7.18,0.95,3.033,0.36917,0.56546,0.0,0.0,0.308596,0,0,0,0,shape 0.37 | unc 0.57 | vru 0.00 → s_obj 0.309
scene_001_f0026,2,cluster+det,pedestrian,0.3393,35.03,17,0.5,0.48,1.37,33.73,9.47,0.93,0.509,0.56028,0.77711,0.667,1.0,0.976931,1,0,1,0,xa 35.0 m; model nhầm lẫn lớp; shape 0.56 | unc 0.78 | vru 1.00 → s_obj 0.977
scene_001_f0027,0,cluster+det,vehicle,0.8002,5.65,544,4.3,1.96,1.36,4.3,3.67,0.96,2.981,0.39204,0.7159,0.0,0.0,0.447715,0,0,0,0,shape 0.39 | unc 0.72 | vru 0.00 → s_obj 0.448
scene_001_f0027,1,cluster+det,vehicle,0.7773,7.7,481,4.31,1.95,1.34,2.76,7.19,0.95,3.083,0.37044,0.76155,0.0,0.0,0.396953,0,0,0,0,shape 0.37 | unc 0.76 | vru 0.00 → s_obj 0.397
scene_001_f0027,2,cluster+det,pedestrian,0.3321,31.17,15,0.36,0.36,1.28,29.69,9.5,0.82,3.04,0.60936,0.89898,0.667,1.0,1.0,1,0,1,0,xa 31.2 m; model nhầm lẫn lớp; shape 0.61 | unc 0.90 | vru 1.00 → s_obj 1.000
scene_001_f0028,0,cluster+det,vehicle,0.8277,3.65,584,4.31,1.94,1.4,0.45,3.62,0.91,2.934,0.40278,0.66059,0.0,0.0,0.434331,0,0,0,0,shape 0.40 | unc 0.66 | vru 0.00 → s_obj 0.434
scene_001_f0028,1,cluster+det,vehicle,0.7792,7.22,474,4.32,2.02,1.36,-1.17,7.13,0.96,3.082,0.37424,0.7219,0.0,0.0,0.404298,0,0,0,0,shape 0.37 | unc 0.72 | vru 0.00 → s_obj 0.404
scene_001_f0028,2,cluster+det,other,0.3378,27.42,15,0.47,0.36,1.1,25.73,9.47,1.14,-0.22,0.59484,1.0,0.0,1.0,0.734984,0,0,0,0,shape 0.59 | unc 1.00 | vru 1.00 → s_obj 0.735
scene_001_f0029,0,cluster+det,vehicle,0.805,5.21,548,4.31,1.94,1.36,-3.7,3.67,0.9,2.923,0.39415,0.7075,0.0,0.0,0.447715,0,0,0,0,shape 0.39 | unc 0.71 | vru 0.00 → s_obj 0.448
scene_001_f0029,1,cluster+det,pedestrian,0.4334,23.71,27,0.53,0.41,1.38,21.71,9.53,0.92,1.102,0.5644,0.8027,0.333,1.0,0.869913,0,0,1,0,model nhầm lẫn lớp; shape 0.56 | unc 0.80 | vru 1.00 → s_obj 0.870
scene_001_f0030,0,cluster+det,other,0.293,44.75,23,2.1,1.93,1.01,44.63,3.23,1.15,0.284,0.60307,0.88133,0.333,0.0,0.810174,1,0,0,0,xa 44.7 m; shape 0.60 | unc 0.88 | vru 0.00 → s_obj 0.810
scene_001_f0030,1,cluster+det,pedestrian,0.4726,20.08,31,0.5,0.46,1.35,17.72,9.44,0.92,-0.914,0.57041,0.79718,0.333,1.0,0.872361,0,0,1,0,model nhầm lẫn lớp; shape 0.57 | unc 0.80 | vru 1.00 → s_obj 0.872
scene_001_f0030,2,cluster+det,other,0.2743,47.04,20,2.48,2.06,1.15,46.92,3.36,0.91,-2.596,0.51589,0.0,0.333,0.0,0.636099,1,0,0,0,xa 47.0 m; shape 0.52 | unc 0.00 | vru 0.00 → s_obj 0.636
scene_001_f0031,0,cluster+det,other,0.4066,41.8,51,4.09,1.86,1.03,41.67,3.28,0.99,-3.098,0.39739,1.0,0.333,0.0,0.709684,1,0,0,0,xa 41.8 m; shape 0.40 | unc 1.00 | vru 0.00 → s_obj 0.710
scene_001_f0031,1,cluster+det,pedestrian,0.4844,16.74,29,0.54,0.44,1.37,13.77,9.52,1.05,2.082,0.55316,0.80811,0.333,1.0,0.858651,0,0,1,0,model nhầm lẫn lớp; shape 0.55 | unc 0.81 | vru 1.00 → s_obj 0.859
scene_001_f0032,0,cluster+det,vehicle,0.495,38.11,84,4.31,2.11,1.27,37.97,3.28,1.04,3.107,0.38576,1.0,0.333,0.0,0.686072,1,0,0,0,xa 38.1 m; shape 0.39 | unc 1.00 | vru 0.00 → s_obj 0.686
scene_001_f0032,1,cluster+det,pedestrian,0.5965,13.55,48,0.53,0.48,1.36,9.68,9.49,0.95,0.193,0.58577,0.8076,0.333,1.0,0.88765,0,0,1,0,model nhầm lẫn lớp; shape 0.59 | unc 0.81 | vru 1.00 → s_obj 0.888
scene_001_f0033,0,cluster+det,pedestrian,0.6607,11.08,59,0.63,0.56,1.37,5.72,9.49,0.98,1.343,0.56435,0.73423,0.333,1.0,0.849782,0,0,1,0,model nhầm lẫn lớp; shape 0.56 | unc 0.73 | vru 1.00 → s_obj 0.850
scene_001_f0033,1,cluster+det,vehicle,0.5472,34.11,99,4.08,1.76,1.38,33.95,3.29,0.97,-3.065,0.36152,0.77492,0.333,0.0,0.54037,1,0,0,0,xa 34.1 m; shape 0.36 | unc 0.77 | vru 0.00 → s_obj 0.540
scene_001_f0034,0,cluster+det,vehicle,0.5718,30.22,119,4.15,2.01,1.29,30.02,3.48,1.01,3.13,0.35839,0.83204,0.333,0.0,0.539173,1,0,0,0,xa 30.2 m; shape 0.36 | unc 0.83 | vru 0.00 → s_obj 0.539
scene_001_f0034,1,cluster+det,pedestrian,0.7081,9.65,75,0.66,0.5,1.36,1.72,9.5,1.1,1.127,0.58721,0.80248,0.333,1.0,0.887269,0,0,1,0,model nhầm lẫn lớp; shape 0.59 | unc 0.80 | vru 1.00 → s_obj 0.887
scene_001_f0034,2,cluster,,,46.06,8,0.4,0.21,0.83,44.9,10.26,1.17,-1.599,0.60166,3.52573,0.667,0.3,1.0,1,1,0,1,xa 46.1 m; ít điểm (8); model bỏ sót (chỉ cluster bắt được); shape 0.60 | unc 3.53 | vru 0.30 → s_obj 1.000
scene_001_f0035,0,cluster+det,vehicle,0.6093,26.15,156,4.3,2.04,1.33,25.94,3.3,0.93,-3.015,0.37834,0.70952,0.0,0.0,0.411208,0,0,0,0,shape 0.38 | unc 0.71 | vru 0.00 → s_obj 0.411
scene_001_f0035,1,cluster+det,other,0.2671,42.09,12,0.38,0.37,0.98,40.81,10.29,1.16,0.954,0.60325,1.0,0.333,1.0,0.931828,1,0,0,0,xa 42.1 m; shape 0.60 | unc 1.00 | vru 1.00 → s_obj 0.932
scene_001_f0035,2,cluster+det,pedestrian,0.6544,9.75,61,0.56,0.56,1.2,-2.27,9.48,1.06,0.812,0.61219,0.87758,0.333,1.0,0.916649,0,0,1,0,model nhầm lẫn lớp; shape 0.61 | unc 0.88 | vru 1.00 → s_obj 0.917
scene_001_f0036,0,cluster+det,vehicle,0.6606,22.35,189,4.26,2.07,1.61,22.09,3.42,0.95,-3.093,0.37299,0.61725,0.0,0.0,0.346899,0,0,0,0,shape 0.37 | unc 0.62 | vru 0.00 → s_obj 0.347
scene_001_f0036,1,cluster+det,other,0.2761,38.25,9,0.38,0.27,1.23,36.82,10.35,0.96,-1.824,0.59231,1.0,0.667,0.3,1.0,1,1,0,0,xa 38.2 m; ít điểm (9); shape 0.59 | unc 1.00 | vru 0.30 → s_obj 1.000
scene_001_f0037,0,cluster+det,vehicle,0.696,18.27,286,4.32,1.92,1.44,17.96,3.36,0.94,-3.137,0.34695,0.61774,0.0,0.0,0.205332,0,0,0,0,shape 0.35 | unc 0.62 | vru 0.00 → s_obj 0.205
scene_001_f0037,1,cluster+det,other,0.322,34.36,17,0.53,0.38,1.17,32.77,10.35,0.88,1.366,0.57739,1.0,0.333,1.0,0.915071,1,0,0,0,xa 34.4 m; shape 0.58 | unc 1.00 | vru 1.00 → s_obj 0.915
scene_001_f0038,0,cluster+det,vehicle,0.7119,14.28,321,4.31,2.03,1.36,13.89,3.32,0.97,3.122,0.35416,0.84107,0.0,0.0,0.32753,0,0,0,0,shape 0.35 | unc 0.84 | vru 0.00 → s_obj 0.328
scene_001_f0038,1,cluster+det,other,0.3178,30.59,14,0.49,0.31,1.05,28.83,10.24,0.92,-0.146,0.57635,1.0,0.333,1.0,0.913928,1,0,0,0,xa 30.6 m; shape 0.58 | unc 1.00 | vru 1.00 → s_obj 0.914
scene_001_f0038,2,cluster+det,vehicle,0.3647,46.55,40,4.06,1.97,1.26,45.88,7.86,1.01,2.808,0.37401,0.91477,0.333,0.0,0.639663,1,0,0,0,xa 46.5 m; shape 0.37 | unc 0.91 | vru 0.00 → s_obj 0.640
scene_001_f0039,0,cluster+det,vehicle,0.7597,10.45,405,4.27,1.9,1.39,9.89,3.35,0.93,-3.108,0.36484,0.67992,0.0,0.0,0.3284,0,0,0,0,shape 0.36 | unc 0.68 | vru 0.00 → s_obj 0.328
scene_001_f0039,1,cluster+det,pedestrian,0.4259,26.88,28,0.57,0.52,1.36,24.81,10.34,1.01,2.028,0.53813,0.79441,0.333,1.0,0.848041,0,0,1,0,model nhầm lẫn lớp; shape 0.54 | unc 0.79 | vru 1.00 → s_obj 0.848
scene_001_f0039,2,cluster+det,other,0.3946,43.16,48,4.26,1.55,1.18,42.49,7.61,1.05,3.121,0.45607,0.88182,0.333,0.0,0.729217,1,0,0,0,xa 43.2 m; shape 0.46 | unc 0.88 | vru 0.00 → s_obj 0.729
scene_001_f0040,0,cluster+det,vehicle,0.7977,6.77,518,4.29,1.91,1.4,5.88,3.36,0.95,-3.102,0.3777,0.63404,0.0,0.0,0.369967,0,0,0,0,shape 0.38 | unc 0.63 | vru 0.00 → s_obj 0.370
scene_001_f0040,1,cluster+det,other,0.4441,38.97,59,4.16,1.78,1.08,38.21,7.68,0.96,2.948,0.41935,1.0,0.333,0.0,0.726061,1,0,0,0,xa 39.0 m; shape 0.42 | unc 1.00 | vru 0.00 → s_obj 0.726
scene_001_f0040,2,cluster+det,pedestrian,0.3972,23.21,21,0.52,0.47,1.24,20.78,10.34,0.93,1.98,0.55463,0.90511,0.333,1.0,0.878455,0,0,1,0,model nhầm lẫn lớp; shape 0.55 | unc 0.91 | vru 1.00 → s_obj 0.878
scene_001_f0041,0,cluster+det,vehicle,0.8285,3.74,551,4.24,1.97,1.43,1.7,3.34,0.96,-3.084,0.38462,0.58506,0.0,0.0,0.371382,0,0,0,0,shape 0.38 | unc 0.59 | vru 0.00 → s_obj 0.371
scene_001_f0041,1,cluster+det,vehicle,0.5255,35.19,88,4.26,1.8,1.27,34.33,7.71,0.94,3.08,0.3573,0.79596,0.333,0.0,0.52247,1,0,0,0,xa 35.2 m; shape 0.36 | unc 0.80 | vru 0.00 → s_obj 0.522
scene_001_f0041,2,cluster+det,pedestrian,0.4937,19.74,33,0.62,0.51,1.4,16.81,10.35,1.09,-0.778,0.55612,0.73347,0.333,1.0,0.840533,0,0,1,0,model nhầm lẫn lớp; shape 0.56 | unc 0.73 | vru 1.00 → s_obj 0.841
scene_001_f0042,0,cluster+det,vehicle,0.5929,31.37,125,4.28,1.98,1.55,30.4,7.77,0.99,3.047,0.36367,0.67131,0.333,0.0,0.506801,1,0,0,0,xa 31.4 m; shape 0.36 | unc 0.67 | vru 0.00 → s_obj 0.507
scene_001_f0042,1,cluster+det,vehicle,0.8205,3.96,584,4.31,1.92,1.37,-2.08,3.37,0.95,-3.083,0.40249,0.68192,0.0,0.0,0.446192,0,0,0,0,shape 0.40 | unc 0.68 | vru 0.00 → s_obj 0.446
scene_001_f0042,2,cluster+det,pedestrian,0.4806,16.46,30,0.62,0.53,1.24,12.82,10.33,0.96,2.144,0.55744,0.87339,0.333,1.0,0.875462,0,0,1,0,model nhầm lẫn lớp; shape 0.56 | unc 0.87 | vru 1.00 → s_obj 0.875
scene_001_f0043,0,cluster+det,vehicle,0.5956,27.46,141,4.46,2.19,1.51,26.35,7.72,0.93,2.953,0.36786,0.90281,0.0,0.0,0.413493,0,0,0,0,shape 0.37 | unc 0.90 | vru 0.00 → s_obj 0.413
scene_001_f0043,1,cluster+det,pedestrian,0.6134,13.58,52,0.64,0.55,1.35,8.82,10.33,0.97,0.54,0.55411,0.77109,0.333,1.0,0.849184,0,0,1,0,model nhầm lẫn lớp; shape 0.55 | unc 0.77 | vru 1.00 → s_obj 0.849
scene_001_f0044,0,cluster+det,pedestrian,0.6175,11.38,48,0.49,0.46,1.41,4.84,10.3,1.0,1.248,0.602,0.7418,0.333,1.0,0.881175,0,0,1,0,model nhầm lẫn lớp; shape 0.60 | unc 0.74 | vru 1.00 → s_obj 0.881
scene_001_f0044,1,cluster+det,vehicle,0.6268,23.68,177,4.14,2.07,1.34,22.38,7.72,0.93,-3.137,0.3555,0.77368,0.0,0.0,0.317682,0,0,0,0,shape 0.36 | unc 0.77 | vru 0.00 → s_obj 0.318
scene_001_f0045,0,cluster+det,vehicle,0.6685,20.0,246,4.27,1.95,1.36,18.46,7.7,0.92,3.066,0.34875,0.66826,0.0,0.0,0.234712,0,0,0,0,shape 0.35 | unc 0.67 | vru 0.00 → s_obj 0.235
scene_001_f0045,1,cluster+det,pedestrian,0.6909,10.35,69,0.58,0.54,1.36,0.83,10.32,0.94,-0.752,0.58948,0.8347,0.333,1.0,0.895811,0,0,1,0,model nhầm lẫn lớp; shape 0.59 | unc 0.83 | vru 1.00 → s_obj 0.896
scene_001_f0046,0,cluster+det,vehicle,0.6972,16.31,331,4.28,1.98,1.35,14.38,7.69,1.0,3.056,0.36878,0.70101,0.0,0.0,0.362242,0,0,0,0,shape 0.37 | unc 0.70 | vru 0.00 → s_obj 0.362
scene_001_f0046,1,cluster+det,pedestrian,0.6808,10.79,65,0.63,0.51,1.39,-3.16,10.32,0.92,2.019,0.58614,0.74868,0.333,1.0,0.872198,0,0,1,0,model nhầm lẫn lớp; shape 0.59 | unc 0.75 | vru 1.00 → s_obj 0.872
scene_001_f0047,0,cluster+det,vehicle,0.7355,12.91,339,4.3,1.9,1.38,10.3,7.78,0.96,3.082,0.35838,0.64427,0.0,0.0,0.275136,0,0,0,0,shape 0.36 | unc 0.64 | vru 0.00 → s_obj 0.275
scene_001_f0048,0,cluster+det,vehicle,0.7566,10.06,390,4.29,1.9,1.34,6.39,7.77,0.96,3.073,0.3714,0.6894,0.0,0.0,0.372688,0,0,0,0,shape 0.37 | unc 0.69 | vru 0.00 → s_obj 0.373
scene_001_f0049,0,cluster+det,vehicle,0.7689,8.11,473,4.33,2.05,1.36,2.47,7.72,0.95,3.032,0.37096,0.75349,0.0,0.0,0.398531,0,0,0,0,shape 0.37 | unc 0.75 | vru 0.00 → s_obj 0.399
scene_003_f0000,0,cluster+det,vehicle,0.6926,17.82,276,4.28,1.95,1.4,17.55,-3.11,0.93,3.114,0.34805,0.58975,0.0,0.0,0.20049,0,0,0,0,shape 0.35 | unc 0.59 | vru 0.00 → s_obj 0.200
scene_003_f0000,1,cluster+det,vehicle,0.5674,33.52,112,4.2,1.94,1.45,32.7,7.35,0.95,-2.933,0.3431,0.58538,0.333,0.0,0.369967,1,0,0,0,xa 33.5 m; shape 0.34 | unc 0.59 | vru 0.00 → s_obj 0.370
scene_003_f0001,0,cluster+det,vehicle,0.5956,29.64,142,4.11,1.93,1.42,28.71,7.34,0.94,-3.033,0.34626,0.6248,0.0,0.0,0.203373,0,0,0,0,shape 0.35 | unc 0.62 | vru 0.00 → s_obj 0.203
scene_003_f0001,1,cluster+det,vehicle,0.7376,14.03,347,4.29,2.0,1.53,13.68,-3.13,0.96,3.093,0.36721,0.56337,0.0,0.0,0.294559,0,0,0,0,shape 0.37 | unc 0.56 | vru 0.00 → s_obj 0.295
scene_003_f0002,0,cluster+det,vehicle,0.7645,10.05,435,4.29,1.97,1.42,9.56,-3.11,0.94,3.062,0.36597,0.56865,0.0,0.0,0.291023,0,0,0,0,shape 0.37 | unc 0.57 | vru 0.00 → s_obj 0.291
scene_003_f0002,1,cluster+det,vehicle,0.6328,25.82,208,4.25,1.94,1.45,24.74,7.4,0.93,-2.953,0.35429,0.56122,0.0,0.0,0.225843,0,0,0,0,shape 0.35 | unc 0.56 | vru 0.00 → s_obj 0.226
scene_003_f0003,0,cluster+det,vehicle,0.8008,6.43,518,4.29,1.96,1.42,5.64,-3.1,0.93,3.076,0.37562,0.64256,0.0,0.0,0.367084,0,0,0,0,shape 0.38 | unc 0.64 | vru 0.00 → s_obj 0.367
scene_003_f0003,1,cluster+det,vehicle,0.6595,22.14,212,4.27,2.03,1.49,20.87,7.39,0.96,-2.986,0.3683,0.56567,0.0,0.0,0.302666,0,0,0,0,shape 0.37 | unc 0.57 | vru 0.00 → s_obj 0.303
scene_003_f0004,0,cluster+det,vehicle,0.8273,3.48,624,4.31,1.93,1.38,1.56,-3.11,0.94,3.075,0.41963,0.68424,0.0,0.0,0.458868,0,0,0,0,shape 0.42 | unc 0.68 | vru 0.00 → s_obj 0.459
scene_003_f0004,1,cluster+det,vehicle,0.6926,18.2,251,4.26,1.85,1.4,16.64,7.38,0.94,-2.967,0.35585,0.57381,0.0,0.0,0.236507,0,0,0,0,shape 0.36 | unc 0.57 | vru 0.00 → s_obj 0.237
scene_003_f0005,0,cluster+det,vehicle,0.8196,3.92,644,4.3,2.06,1.45,-2.39,-3.1,0.92,3.058,0.41651,0.70801,0.0,0.0,0.469151,0,0,0,0,shape 0.42 | unc 0.71 | vru 0.00 → s_obj 0.469
scene_003_f0005,1,cluster+det,vehicle,0.7192,14.84,342,4.27,1.93,1.4,12.84,7.43,0.94,-2.991,0.35235,0.60074,0.0,0.0,0.223395,0,0,0,0,shape 0.35 | unc 0.60 | vru 0.00 → s_obj 0.223
scene_003_f0006,0,cluster+det,vehicle,0.7564,11.45,407,4.27,1.94,1.44,8.72,7.42,0.92,-2.994,0.36884,0.64009,0.0,0.0,0.331447,0,0,0,0,shape 0.37 | unc 0.64 | vru 0.00 → s_obj 0.331
scene_003_f0007,0,cluster+det,vehicle,0.7773,8.75,511,4.27,1.97,1.42,4.72,7.37,0.91,-2.995,0.37498,0.63161,0.0,0.0,0.35963,0,0,0,0,shape 0.37 | unc 0.63 | vru 0.00 → s_obj 0.360
scene_003_f0007,1,cluster+det,other,0.3042,23.6,5,1.36,0.07,0.66,22.36,-7.57,1.03,-2.344,0.58827,0.0,0.333,0.3,0.757155,0,1,0,0,ít điểm (5); shape 0.59 | unc 0.00 | vru 0.30 → s_obj 0.757
scene_003_f0008,0,cluster+det,vehicle,0.7971,7.44,495,4.29,1.92,1.45,0.79,7.4,0.9,-2.948,0.37401,0.56807,0.0,0.0,0.335419,0,0,0,0,shape 0.37 | unc 0.57 | vru 0.00 → s_obj 0.335
scene_003_f0009,0,cluster+det,vehicle,0.7928,8.07,522,4.3,1.91,1.46,-3.27,7.38,0.93,-2.971,0.37904,0.61508,0.0,0.0,0.368498,0,0,0,0,shape 0.38 | unc 0.62 | vru 0.00 → s_obj 0.368
scene_003_f0009,1,cluster+det,bicycle,0.4017,16.15,10,1.55,0.94,1.53,14.07,-7.92,0.99,1.186,0.50501,2.26594,0.333,1.0,0.882263,0,0,1,0,model nhầm lẫn lớp; lớp hiếm: bicycle; shape 0.51 | unc 2.27 | vru 1.00 → s_obj 0.882
scene_003_f0009,2,cluster+det,other,0.3427,14.95,6,1.32,0.55,0.18,12.69,-7.9,0.69,-1.757,0.59827,0.0,0.333,0.0,0.685229,0,1,0,0,ít điểm (6); shape 0.60 | unc 0.00 | vru 0.00 → s_obj 0.685
scene_003_f0011,0,cluster+det,other,0.3887,9.1,10,1.86,1.15,0.49,4.93,-7.65,1.05,-2.13,0.50456,1.0,0.0,0.5,0.66197,0,0,0,0,shape 0.50 | unc 1.00 | vru 0.50 → s_obj 0.662
scene_003_f0012,0,cluster+det,other,0.4586,8.4,22,3.6,1.44,1.08,2.64,-7.98,0.88,2.656,0.43525,1.0,0.0,0.0,0.54407,0,0,0,0,shape 0.44 | unc 1.00 | vru 0.00 → s_obj 0.544
scene_003_f0013,0,cluster+det,other,0.3995,8.2,10,1.66,1.21,0.9,-3.17,-7.56,1.05,-2.866,0.53063,1.0,0.0,0.5,0.668444,0,0,0,0,shape 0.53 | unc 1.00 | vru 0.50 → s_obj 0.668
scene_003_f0013,1,cluster+det,other,0.3849,8.57,6,1.29,0.5,0.93,-1.49,-8.44,1.16,3.04,0.47195,1.0,0.333,0.3,0.834929,0,1,0,0,ít điểm (6); shape 0.47 | unc 1.00 | vru 0.30 → s_obj 0.835
scene_003_f0015,0,cluster+det,vehicle,0.3752,48.03,45,4.1,1.91,1.26,47.91,3.41,0.91,3.136,0.37678,1.0,0.333,0.0,0.662078,1,0,0,0,xa 48.0 m; shape 0.38 | unc 1.00 | vru 0.00 → s_obj 0.662
scene_003_f0016,0,cluster+det,vehicle,0.4279,44.09,56,4.32,2.04,1.35,43.97,3.31,0.94,3.085,0.35942,0.77015,0.333,0.0,0.528237,1,0,0,0,xa 44.1 m; shape 0.36 | unc 0.77 | vru 0.00 → s_obj 0.528
scene_003_f0016,1,cluster+det,other,0.2577,45.89,10,0.47,0.32,1.25,44.52,11.12,1.07,-0.433,0.56432,1.0,0.333,1.0,0.900979,1,0,0,0,xa 45.9 m; shape 0.56 | unc 1.00 | vru 1.00 → s_obj 0.901
scene_003_f0017,0,cluster+det,vehicle,0.4741,40.24,75,3.98,2.13,1.39,40.1,3.32,0.9,-3.07,0.36595,0.68055,0.333,0.0,0.52519,1,0,0,0,xa 40.2 m; shape 0.37 | unc 0.68 | vru 0.00 → s_obj 0.525
scene_003_f0017,1,cluster+det,pedestrian,0.2757,42.06,10,0.44,0.32,1.35,40.57,11.11,0.99,-2.775,0.57545,0.89819,0.667,1.0,1.0,1,0,1,0,xa 42.1 m; model nhầm lẫn lớp; shape 0.58 | unc 0.90 | vru 1.00 → s_obj 1.000
scene_003_f0018,0,cluster+det,vehicle,0.526,35.87,82,4.31,2.04,1.44,35.72,3.3,0.96,3.013,0.35111,0.64607,0.333,0.0,0.42296,1,0,0,0,xa 35.9 m; shape 0.35 | unc 0.65 | vru 0.00 → s_obj 0.423
scene_003_f0018,1,cluster+det,other,0.294,38.17,13,0.58,0.39,1.19,36.52,11.08,0.83,1.923,0.56089,1.0,0.333,1.0,0.897171,1,0,0,0,xa 38.2 m; shape 0.56 | unc 1.00 | vru 1.00 → s_obj 0.897
scene_003_f0019,0,cluster+det,vehicle,0.5849,31.99,115,4.22,1.9,1.49,31.81,3.45,0.87,3.125,0.34157,0.5318,0.333,0.0,0.356039,1,0,0,0,xa 32.0 m; shape 0.34 | unc 0.53 | vru 0.00 → s_obj 0.356
scene_003_f0019,1,cluster+det,pedestrian,0.3233,34.35,15,0.48,0.31,1.37,32.48,11.17,0.99,-2.273,0.60395,0.89074,0.667,1.0,1.0,1,0,1,0,xa 34.3 m; model nhầm lẫn lớp; shape 0.60 | unc 0.89 | vru 1.00 → s_obj 1.000
scene_003_f0020,0,cluster+det,vehicle,0.599,27.84,146,4.38,2.1,1.42,27.64,3.35,0.91,3.009,0.38021,0.76489,0.0,0.0,0.440751,0,0,0,0,shape 0.38 | unc 0.76 | vru 0.00 → s_obj 0.441
scene_003_f0020,1,cluster+det,other,0.3466,30.55,19,0.53,0.37,1.19,28.45,11.14,1.11,2.171,0.57461,1.0,0.333,1.0,0.91012,1,0,0,0,xa 30.6 m; shape 0.57 | unc 1.00 | vru 1.00 → s_obj 0.910
scene_003_f0021,0,cluster+det,vehicle,0.6324,23.97,184,4.36,2.02,1.37,23.73,3.38,0.94,3.062,0.3581,0.74328,0.0,0.0,0.322198,0,0,0,0,shape 0.36 | unc 0.74 | vru 0.00 → s_obj 0.322
scene_003_f0021,1,cluster+det,pedestrian,0.3618,26.88,16,0.53,0.38,1.33,24.46,11.14,0.97,-0.024,0.5486,0.8925,0.333,1.0,0.872361,0,0,1,0,model nhầm lẫn lớp; shape 0.55 | unc 0.89 | vru 1.00 → s_obj 0.872
scene_003_f0022,0,cluster+det,vehicle,0.6776,20.09,223,4.28,1.97,1.45,19.83,3.27,0.91,3.122,0.37184,0.59527,0.0,0.0,0.332209,0,0,0,0,shape 0.37 | unc 0.60 | vru 0.00 → s_obj 0.332
scene_003_f0022,1,cluster+det,pedestrian,0.4168,23.32,23,0.52,0.5,1.33,20.51,11.08,0.91,0.925,0.56397,0.81866,0.333,1.0,0.871872,0,0,1,0,model nhầm lẫn lớp; shape 0.56 | unc 0.82 | vru 1.00 → s_obj 0.872
scene_003_f0023,0,cluster+det,vehicle,0.7087,16.29,274,4.27,1.89,1.4,15.93,3.41,0.97,3.119,0.38162,0.66432,0.0,0.0,0.397171,0,0,0,0,shape 0.38 | unc 0.66 | vru 0.00 → s_obj 0.397
scene_003_f0023,1,cluster+det,other,0.4353,19.94,28,0.5,0.4,1.11,16.54,11.14,1.17,2.396,0.59785,1.0,0.0,1.0,0.736126,0,0,0,0,shape 0.60 | unc 1.00 | vru 1.00 → s_obj 0.736
scene_003_f0024,0,cluster+det,vehicle,0.7493,12.4,383,4.27,1.99,1.49,11.93,3.37,0.94,3.104,0.35903,0.64599,0.0,0.0,0.27889,0,0,0,0,shape 0.36 | unc 0.65 | vru 0.00 → s_obj 0.279
scene_003_f0024,1,cluster+det,pedestrian,0.5089,16.7,36,0.54,0.5,1.26,12.44,11.13,1.07,-2.883,0.57508,1.0,0.333,1.0,0.911643,0,0,1,0,model nhầm lẫn lớp; shape 0.58 | unc 1.00 | vru 1.00 → s_obj 0.912
scene_003_f0025,0,cluster+det,vehicle,0.7775,8.49,439,4.34,1.93,1.39,7.78,3.4,0.96,-3.132,0.36867,0.67594,0.0,0.0,0.348857,0,0,0,0,shape 0.37 | unc 0.68 | vru 0.00 → s_obj 0.349
scene_003_f0025,1,cluster+det,pedestrian,0.6111,13.95,50,0.67,0.55,1.41,8.48,11.07,0.97,1.627,0.56618,0.70991,0.333,1.0,0.839282,0,0,1,0,model nhầm lẫn lớp; shape 0.57 | unc 0.71 | vru 1.00 → s_obj 0.839
scene_003_f0026,0,cluster+det,pedestrian,0.6009,12.01,45,0.6,0.53,1.38,4.47,11.14,0.96,1.657,0.56353,0.74103,0.333,1.0,0.850435,0,0,1,0,model nhầm lẫn lớp; shape 0.56 | unc 0.74 | vru 1.00 → s_obj 0.850
scene_003_f0026,1,cluster+det,vehicle,0.8116,5.06,561,4.3,1.89,1.38,3.78,3.36,0.94,3.106,0.40207,0.6463,0.0,0.0,0.425952,0,0,0,0,shape 0.40 | unc 0.65 | vru 0.00 → s_obj 0.426
scene_003_f0027,0,cluster+det,vehicle,0.8251,3.39,673,4.3,1.96,1.38,-0.23,3.38,0.95,3.09,0.428,0.71575,0.0,0.0,0.4784,0,0,0,0,shape 0.43 | unc 0.72 | vru 0.00 → s_obj 0.478
scene_003_f0027,1,cluster+det,pedestrian,0.6475,11.13,53,0.58,0.54,1.43,0.47,11.12,0.9,0.385,0.56235,0.69526,0.0,1.0,0.636017,0,0,0,0,shape 0.56 | unc 0.70 | vru 1.00 → s_obj 0.636
scene_003_f0028,0,cluster+det,vehicle,0.8094,5.31,565,4.3,1.95,1.39,-4.13,3.34,0.94,3.101,0.3955,0.62885,0.0,0.0,0.409304,0,0,0,0,shape 0.40 | unc 0.63 | vru 0.00 → s_obj 0.409
scene_003_f0028,1,cluster+det,vehicle,0.4312,44.36,55,4.31,1.76,1.38,43.73,7.43,0.93,3.019,0.41035,0.65137,0.333,0.0,0.62432,1,0,0,0,xa 44.4 m; shape 0.41 | unc 0.65 | vru 0.00 → s_obj 0.624
scene_003_f0028,2,cluster+det,pedestrian,0.6076,11.64,47,0.58,0.52,1.35,-3.49,11.1,0.97,-0.584,0.5733,0.77254,0.333,1.0,0.868716,0,0,1,0,model nhầm lẫn lớp; shape 0.57 | unc 0.77 | vru 1.00 → s_obj 0.869
scene_003_f0029,0,cluster+det,vehicle,0.4385,40.37,55,4.13,1.87,1.23,39.68,7.45,1.07,3.079,0.36471,0.76061,0.333,0.0,0.552013,1,0,0,0,xa 40.4 m; shape 0.36 | unc 0.76 | vru 0.00 → s_obj 0.552
scene_003_f0029,1,cluster,,,46.64,5,0.44,0.16,0.81,46.5,-3.54,1.0,1.365,0.60185,3.52573,0.667,0.3,1.0,1,1,0,1,xa 46.6 m; ít điểm (5); model bỏ sót (chỉ cluster bắt được); shape 0.60 | unc 3.53 | vru 0.30 → s_obj 1.000
scene_003_f0030,0,cluster+det,vehicle,0.518,36.31,87,4.26,1.87,1.27,35.56,7.33,0.96,3.113,0.36135,0.69813,0.333,0.0,0.507345,1,0,0,0,xa 36.3 m; shape 0.36 | unc 0.70 | vru 0.00 → s_obj 0.507
scene_003_f0031,0,cluster+det,other,0.3718,44.25,44,3.56,2.0,1.17,43.56,7.82,1.02,2.949,0.43528,1.0,0.333,0.0,0.73482,1,0,0,0,xa 44.3 m; shape 0.44 | unc 1.00 | vru 0.00 → s_obj 0.735
scene_003_f0031,1,cluster+det,vehicle,0.5567,32.25,99,4.3,1.78,1.3,31.44,7.19,1.01,3.092,0.35613,0.85766,0.333,0.0,0.53074,1,0,0,0,xa 32.3 m; shape 0.36 | unc 0.86 | vru 0.00 → s_obj 0.531
scene_003_f0031,2,cluster+det,other,0.276,39.21,11,1.32,0.38,0.9,39.07,-3.39,1.2,0.506,0.51265,1.0,0.333,1.0,0.876224,1,0,0,0,xa 39.2 m; shape 0.51 | unc 1.00 | vru 1.00 → s_obj 0.876
scene_003_f0032,0,cluster+det,vehicle,0.4047,44.65,51,3.92,1.86,1.28,44.07,-7.15,1.06,3.078,0.37644,0.85055,0.333,0.0,0.638411,1,0,0,0,xa 44.6 m; shape 0.38 | unc 0.85 | vru 0.00 → s_obj 0.638
scene_003_f0032,1,cluster+det,vehicle,0.5859,28.44,128,4.09,2.03,1.31,27.5,7.27,0.99,3.066,0.35783,0.70669,0.0,0.0,0.302394,0,0,0,0,shape 0.36 | unc 0.71 | vru 0.00 → s_obj 0.302
scene_003_f0032,2,cluster+det,vehicle,0.4763,40.48,65,4.21,1.87,1.39,39.72,7.79,0.92,-3.065,0.37714,0.76867,0.333,0.0,0.620892,1,0,0,0,xa 40.5 m; shape 0.38 | unc 0.77 | vru 0.00 → s_obj 0.621
scene_003_f0032,3,cluster+det,other,0.2992,35.08,13,1.48,0.47,0.84,34.93,-3.27,0.83,-3.116,0.49402,1.0,0.333,1.0,0.870892,1,0,0,0,xa 35.1 m; shape 0.49 | unc 1.00 | vru 1.00 → s_obj 0.871
scene_003_f0033,0,cluster+det,vehicle,0.644,24.89,163,4.23,1.88,1.47,23.81,7.25,0.89,3.109,0.34944,0.57195,0.0,0.0,0.200598,0,0,0,0,shape 0.35 | unc 0.57 | vru 0.00 → s_obj 0.201
scene_003_f0033,1,cluster+det,vehicle,0.5155,36.5,87,4.22,2.08,1.35,35.66,7.79,0.97,-2.914,0.36355,0.83283,0.333,0.0,0.565016,1,0,0,0,xa 36.5 m; shape 0.36 | unc 0.83 | vru 0.00 → s_obj 0.565
scene_003_f0033,2,cluster+det,vehicle,0.4879,40.79,71,4.24,1.98,1.47,40.18,-7.01,0.94,3.023,0.35904,0.71956,0.333,0.0,0.509956,1,0,0,0,xa 40.8 m; shape 0.36 | unc 0.72 | vru 0.00 → s_obj 0.510
scene_003_f0033,3,cluster+det,bicycle,0.3681,31.25,19,1.62,0.58,1.15,31.07,-3.37,1.02,-2.92,0.44753,0.7831,0.667,1.0,0.929543,1,0,1,0,xa 31.2 m; model nhầm lẫn lớp; lớp hiếm: bicycle; shape 0.45 | unc 0.78 | vru 1.00 → s_obj 0.930
scene_003_f0034,0,cluster+det,vehicle,0.5623,32.43,117,4.21,1.86,1.3,31.48,7.79,0.99,-3.067,0.36363,0.80356,0.333,0.0,0.559956,1,0,0,0,xa 32.4 m; shape 0.36 | unc 0.80 | vru 0.00 → s_obj 0.560
scene_003_f0034,1,cluster+det,vehicle,0.6659,20.93,245,4.31,2.06,1.49,19.62,7.28,0.96,-3.117,0.35849,0.69028,0.0,0.0,0.301578,0,0,0,0,shape 0.36 | unc 0.69 | vru 0.00 → s_obj 0.302
scene_003_f0034,2,cluster+det,other,0.257,45.69,13,0.61,0.25,0.93,44.67,9.58,1.09,2.176,0.58793,1.0,0.333,1.0,0.919641,1,0,0,0,xa 45.7 m; shape 0.59 | unc 1.00 | vru 1.00 → s_obj 0.920
scene_003_f0034,3,cluster+det,bicycle,0.4131,27.05,26,1.58,0.53,1.12,26.84,-3.37,0.93,-2.928,0.45842,0.82358,0.333,1.0,0.824266,0,0,1,0,model nhầm lẫn lớp; lớp hiếm: bicycle; shape 0.46 | unc 0.82 | vru 1.00 → s_obj 0.824
scene_003_f0034,4,cluster+det,vehicle,0.5279,36.73,88,4.28,2.02,1.44,36.03,-7.13,1.02,3.066,0.36513,0.68009,0.333,0.0,0.5216,1,0,0,0,xa 36.7 m; shape 0.37 | unc 0.68 | vru 0.00 → s_obj 0.522
scene_003_f0035,0,cluster+det,vehicle,0.6043,28.58,136,4.24,2.0,1.45,27.53,7.67,0.98,-3.092,0.3465,0.66633,0.0,0.0,0.222797,0,0,0,0,shape 0.35 | unc 0.67 | vru 0.00 → s_obj 0.223
scene_003_f0035,1,cluster+det,vehicle,0.5524,32.66,98,4.21,1.93,1.3,31.88,-7.13,0.88,3.103,0.3566,0.84506,0.333,0.0,0.530522,1,0,0,0,xa 32.7 m; shape 0.36 | unc 0.85 | vru 0.00 → s_obj 0.531
scene_003_f0035,2,cluster+det,vehicle,0.7143,17.27,267,4.28,1.92,1.53,15.63,7.36,0.98,3.132,0.35322,0.60921,0.0,0.0,0.232209,0,0,0,0,shape 0.35 | unc 0.61 | vru 0.00 → s_obj 0.232
scene_003_f0035,3,cluster+det,bicycle,0.5194,23.22,39,1.72,0.56,1.33,22.97,-3.39,0.91,-3.101,0.47533,0.64379,0.333,1.0,0.761425,0,0,1,0,model nhầm lẫn lớp; lớp hiếm: bicycle; shape 0.48 | unc 0.64 | vru 1.00 → s_obj 0.761
scene_003_f0035,4,cluster+det,pedestrian,0.2956,41.75,15,0.5,0.39,1.31,40.65,9.51,1.01,0.997,0.54791,0.88048,0.667,1.0,0.989391,1,0,1,0,xa 41.8 m; model nhầm lẫn lớp; shape 0.55 | unc 0.88 | vru 1.00 → s_obj 0.989
scene_003_f0036,0,cluster+det,vehicle,0.5987,28.94,145,4.2,1.97,1.39,28.05,-7.13,1.0,3.04,0.3546,0.68239,0.0,0.0,0.274374,0,0,0,0,shape 0.35 | unc 0.68 | vru 0.00 → s_obj 0.274
scene_003_f0036,1,cluster+det,vehicle,0.6213,24.65,163,4.29,2.01,1.31,23.39,7.79,0.96,-3.038,0.35344,0.68937,0.0,0.0,0.2716,0,0,0,0,shape 0.35 | unc 0.69 | vru 0.00 → s_obj 0.272
scene_003_f0036,2,cluster+det,vehicle,0.7115,13.71,321,4.33,2.11,1.38,11.61,7.3,0.92,-3.101,0.36763,0.81413,0.0,0.0,0.396572,0,0,0,0,shape 0.37 | unc 0.81 | vru 0.00 → s_obj 0.397
scene_003_f0036,3,cluster+det,bicycle,0.4784,19.35,29,1.71,0.62,1.15,19.06,-3.33,0.89,-2.969,0.45028,0.84241,0.333,1.0,0.824701,0,0,1,0,model nhầm lẫn lớp; lớp hiếm: bicycle; shape 0.45 | unc 0.84 | vru 1.00 → s_obj 0.825
scene_003_f0036,4,cluster+det,vehicle,0.4063,47.06,58,3.68,1.88,1.4,46.9,-3.87,1.02,-3.134,0.40071,0.55713,0.333,0.0,0.584929,1,0,0,0,xa 47.1 m; shape 0.40 | unc 0.56 | vru 0.00 → s_obj 0.585
scene_003_f0036,5,cluster+det,other,0.2823,37.94,11,0.44,0.4,1.1,36.71,9.56,1.03,-0.718,0.56305,1.0,0.333,1.0,0.899456,1,0,0,0,xa 37.9 m; shape 0.56 | unc 1.00 | vru 1.00 → s_obj 0.899
scene_003_f0037,0,cluster+det,vehicle,0.632,25.13,180,4.24,1.88,1.38,24.08,-7.19,0.92,3.058,0.35238,0.63119,0.0,0.0,0.234929,0,0,0,0,shape 0.35 | unc 0.63 | vru 0.00 → s_obj 0.235
scene_003_f0037,1,cluster+det,bicycle,0.5807,15.51,45,1.66,0.57,1.18,15.15,-3.33,0.87,-3.011,0.46068,0.71335,0.333,1.0,0.792274,0,0,1,0,model nhầm lẫn lớp; lớp hiếm: bicycle; shape 0.46 | unc 0.71 | vru 1.00 → s_obj 0.792
scene_003_f0037,2,cluster+det,vehicle,0.7579,10.51,420,4.29,1.98,1.41,7.56,7.3,0.97,3.096,0.36521,0.66831,0.0,0.0,0.32568,0,0,0,0,shape 0.37 | unc 0.67 | vru 0.00 → s_obj 0.326
scene_003_f0037,3,cluster+det,vehicle,0.6561,21.17,239,4.37,2.01,1.37,19.68,7.8,0.91,-3.107,0.38489,0.65474,0.0,0.0,0.400109,0,0,0,0,shape 0.38 | unc 0.65 | vru 0.00 → s_obj 0.400
scene_003_f0037,4,cluster+det,vehicle,0.4595,42.79,80,4.17,2.13,1.24,42.62,-3.81,1.02,-2.924,0.37629,1.0,0.333,0.0,0.659412,1,0,0,0,xa 42.8 m; shape 0.38 | unc 1.00 | vru 0.00 → s_obj 0.659
scene_003_f0037,5,cluster+det,pedestrian,0.3243,34.09,16,0.5,0.41,1.23,32.73,9.55,1.05,-0.18,0.55144,0.92168,0.667,1.0,0.998857,1,0,1,0,xa 34.1 m; model nhầm lẫn lớp; shape 0.55 | unc 0.92 | vru 1.00 → s_obj 0.999
scene_003_f0037,6,cluster+det,other,0.2881,46.29,23,2.54,1.64,1.15,45.63,-7.79,1.11,2.788,0.46291,1.0,0.333,0.0,0.751197,1,0,0,0,xa 46.3 m; shape 0.46 | unc 1.00 | vru 0.00 → s_obj 0.751
scene_003_f0037,7,cluster+det,other,0.25,48.71,12,1.45,0.93,0.92,48.02,-8.16,1.05,-1.179,0.47037,0.79338,0.333,1.0,0.824483,1,0,0,0,xa 48.7 m; shape 0.47 | unc 0.79 | vru 1.00 → s_obj 0.824
scene_003_f0038,0,cluster+det,vehicle,0.6515,21.27,207,4.29,2.02,1.34,20.04,-7.14,0.98,3.139,0.35102,0.72711,0.0,0.0,0.275789,0,0,0,0,shape 0.35 | unc 0.73 | vru 0.00 → s_obj 0.276
scene_003_f0038,1,cluster+det,vehicle,0.7796,8.14,492,4.32,1.92,1.37,3.58,7.31,0.94,3.108,0.37783,0.69909,0.0,0.0,0.403156,0,0,0,0,shape 0.38 | unc 0.70 | vru 0.00 → s_obj 0.403
scene_003_f0038,2,cluster+det,vehicle,0.6873,17.3,296,4.29,2.07,1.4,15.48,7.74,0.97,-3.003,0.35382,0.72516,0.0,0.0,0.291567,0,0,0,0,shape 0.35 | unc 0.73 | vru 0.00 → s_obj 0.292
scene_003_f0038,3,cluster+det,vehicle,0.4632,42.97,69,4.34,1.86,1.34,42.3,-7.58,1.02,3.011,0.36698,0.55164,0.333,0.0,0.481991,1,0,0,0,xa 43.0 m; shape 0.37 | unc 0.55 | vru 0.00 → s_obj 0.482
scene_003_f0038,4,cluster+det,bicycle,0.6771,11.55,59,1.75,0.6,1.27,11.07,-3.28,0.9,-2.945,0.47174,0.68435,0.333,1.0,0.783515,0,0,1,0,model nhầm lẫn lớp; lớp hiếm: bicycle; shape 0.47 | unc 0.68 | vru 1.00 → s_obj 0.784
scene_003_f0038,5,cluster+det,vehicle,0.4926,38.7,77,4.21,1.9,1.28,38.5,-3.88,1.0,-3.074,0.35414,0.82501,0.333,0.0,0.514418,1,0,0,0,xa 38.7 m; shape 0.35 | unc 0.83 | vru 0.00 → s_obj 0.514
scene_003_f0038,6,cluster+det,other,0.341,30.24,17,0.51,0.41,1.19,28.71,9.51,0.99,-0.05,0.58424,1.0,0.333,1.0,0.918118,1,0,0,0,xa 30.2 m; shape 0.58 | unc 1.00 | vru 1.00 → s_obj 0.918
scene_003_f0039,0,cluster+det,vehicle,0.7276,13.89,331,4.26,1.94,1.4,11.49,7.8,0.98,-3.046,0.35288,0.72014,0.0,0.0,0.284113,0,0,0,0,shape 0.35 | unc 0.72 | vru 0.00 → s_obj 0.284
scene_003_f0039,1,cluster+det,vehicle,0.684,17.68,291,4.35,2.1,1.44,16.18,-7.13,0.96,2.997,0.35827,0.69877,0.0,0.0,0.302448,0,0,0,0,shape 0.36 | unc 0.70 | vru 0.00 → s_obj 0.302
scene_003_f0039,2,cluster+det,vehicle,0.7832,7.31,495,4.29,1.96,1.36,-0.45,7.3,0.94,3.086,0.37822,0.68387,0.0,0.0,0.397062,0,0,0,0,shape 0.38 | unc 0.68 | vru 0.00 → s_obj 0.397
scene_003_f0039,3,cluster+det,vehicle,0.525,34.71,83,4.27,1.91,1.27,34.5,-3.85,1.01,-3.057,0.36322,0.73068,0.333,0.0,0.536289,1,0,0,0,xa 34.7 m; shape 0.36 | unc 0.73 | vru 0.00 → s_obj 0.536
scene_003_f0039,4,cluster+det,bicycle,0.7354,7.96,72,1.66,0.6,1.22,7.22,-3.34,0.85,-2.997,0.47788,0.76935,0.333,1.0,0.822797,0,0,1,0,model nhầm lẫn lớp; lớp hiếm: bicycle; shape 0.48 | unc 0.77 | vru 1.00 → s_obj 0.823
scene_003_f0039,5,cluster+det,vehicle,0.4808,38.99,70,4.24,2.16,1.45,38.24,-7.59,1.01,-3.114,0.38479,0.71252,0.333,0.0,0.620947,1,0,0,0,xa 39.0 m; shape 0.38 | unc 0.71 | vru 0.00 → s_obj 0.621
scene_003_f0039,6,cluster+det,pedestrian,0.3721,26.47,19,0.5,0.41,1.26,24.69,9.52,1.16,-1.595,0.5762,0.90683,0.333,1.0,0.901469,0,0,1,0,model nhầm lẫn lớp; shape 0.58 | unc 0.91 | vru 1.00 → s_obj 0.901
scene_003_f0039,7,cluster,,,44.59,7,0.38,0.35,1.0,43.73,-8.69,1.12,1.559,0.59374,3.52573,0.667,0.3,1.0,1,1,0,1,xa 44.6 m; ít điểm (7); model bỏ sót (chỉ cluster bắt được); shape 0.59 | unc 3.53 | vru 0.30 → s_obj 1.000
scene_003_f0040,0,cluster+det,vehicle,0.7878,8.63,456,4.3,1.98,1.5,-4.5,7.36,0.97,3.081,0.38687,0.54267,0.0,0.0,0.367301,0,0,0,0,shape 0.39 | unc 0.54 | vru 0.00 → s_obj 0.367
scene_003_f0040,1,cluster+det,vehicle,0.7629,10.81,427,4.27,1.92,1.44,7.52,7.77,0.92,-3.047,0.36653,0.58173,0.0,0.0,0.296464,0,0,0,0,shape 0.37 | unc 0.58 | vru 0.00 → s_obj 0.296
scene_003_f0040,2,cluster+det,bicycle,0.7979,4.5,93,1.6,0.6,1.22,2.99,-3.36,0.84,-2.987,0.5209,0.66192,0.333,1.0,0.788792,0,0,1,0,model nhầm lẫn lớp; lớp hiếm: bicycle; shape 0.52 | unc 0.66 | vru 1.00 → s_obj 0.789
scene_003_f0040,3,cluster+det,vehicle,0.7315,14.09,288,4.31,1.95,1.45,12.17,-7.11,0.94,3.04,0.34493,0.61483,0.0,0.0,0.194396,0,0,0,0,shape 0.34 | unc 0.61 | vru 0.00 → s_obj 0.194
scene_003_f0040,4,cluster+det,vehicle,0.5214,35.43,76,4.27,2.0,1.4,34.6,-7.66,0.98,-3.073,0.36065,0.61897,0.333,0.0,0.468118,1,0,0,0,xa 35.4 m; shape 0.36 | unc 0.62 | vru 0.00 → s_obj 0.468
scene_003_f0040,5,cluster+det,vehicle,0.5791,30.86,119,4.24,1.97,1.37,30.61,-3.89,1.02,-2.987,0.37604,0.74698,0.333,0.0,0.611099,1,0,0,0,xa 30.9 m; shape 0.38 | unc 0.75 | vru 0.00 → s_obj 0.611
scene_003_f0040,6,cluster+det,other,0.2529,40.61,7,0.32,0.29,0.85,39.7,-8.52,1.23,0.8,0.61819,0.0,0.667,0.3,0.89339,1,1,0,0,xa 40.6 m; ít điểm (7); shape 0.62 | unc 0.00 | vru 0.30 → s_obj 0.893
scene_003_f0040,7,cluster+det,pedestrian,0.3999,22.79,18,0.58,0.41,1.41,20.7,9.52,0.98,1.791,0.5374,0.70533,0.333,1.0,0.814472,0,0,1,0,model nhầm lẫn lớp; shape 0.54 | unc 0.71 | vru 1.00 → s_obj 0.814
scene_003_f0041,0,cluster+det,vehicle,0.7724,8.56,461,4.28,2.0,1.39,3.5,7.81,0.96,-3.01,0.36252,0.68542,0.0,0.0,0.319478,0,0,0,0,shape 0.36 | unc 0.69 | vru 0.00 → s_obj 0.319
scene_003_f0041,1,cluster+det,vehicle,0.7564,10.8,384,4.3,2.0,1.43,8.14,-7.1,0.9,3.078,0.36748,0.6137,0.0,0.0,0.313819,0,0,0,0,shape 0.37 | unc 0.61 | vru 0.00 → s_obj 0.314
scene_003_f0041,2,cluster+det,bicycle,0.8143,3.48,97,1.68,0.65,1.21,-0.95,-3.35,0.84,-2.969,0.54309,0.65446,0.333,1.0,0.789064,0,0,1,0,model nhầm lẫn lớp; lớp hiếm: bicycle; shape 0.54 | unc 0.65 | vru 1.00 → s_obj 0.789
scene_003_f0041,3,cluster+det,vehicle,0.6183,26.81,151,4.19,1.95,1.42,26.53,-3.9,0.97,-3.094,0.34202,0.75782,0.0,0.0,0.253373,0,0,0,0,shape 0.34 | unc 0.76 | vru 0.00 → s_obj 0.253
scene_003_f0041,4,cluster+det,other,0.4288,19.25,25,0.52,0.43,1.16,16.71,9.56,1.0,1.573,0.55938,1.0,0.0,1.0,0.705277,0,0,0,0,shape 0.56 | unc 1.00 | vru 1.00 → s_obj 0.705
scene_003_f0041,5,cluster+det,vehicle,0.5718,31.43,150,4.23,1.98,1.31,30.48,-7.66,0.96,2.991,0.34945,0.76915,0.333,0.0,0.473286,1,0,0,0,xa 31.4 m; shape 0.35 | unc 0.77 | vru 0.00 → s_obj 0.473
scene_003_f0041,6,cluster+det,other,0.3046,36.68,15,0.55,0.43,1.14,35.66,-8.58,0.83,1.845,0.55542,1.0,0.333,1.0,0.891458,1,0,0,0,xa 36.7 m; shape 0.56 | unc 1.00 | vru 1.00 → s_obj 0.891
scene_003_f0042,0,cluster+det,vehicle,0.7746,8.24,472,4.27,1.91,1.35,4.17,-7.11,0.96,3.068,0.37248,0.68193,0.0,0.0,0.374374,0,0,0,0,shape 0.37 | unc 0.68 | vru 0.00 → s_obj 0.374
scene_003_f0042,1,cluster+det,vehicle,0.6388,22.96,193,4.28,1.9,1.3,22.63,-3.86,0.96,-3.002,0.37529,0.78347,0.0,0.0,0.428564,0,0,0,0,shape 0.38 | unc 0.78 | vru 0.00 → s_obj 0.429
scene_003_f0042,2,cluster+det,vehicle,0.7794,7.82,454,4.29,1.95,1.36,-0.49,7.8,0.95,-3.055,0.37219,0.72327,0.0,0.0,0.394723,0,0,0,0,shape 0.37 | unc 0.72 | vru 0.00 → s_obj 0.395
scene_003_f0042,3,cluster+det,bicycle,0.752,6.08,72,1.69,0.7,1.21,-5.05,-3.38,0.89,-2.976,0.46095,0.72346,0.333,1.0,0.797878,0,0,1,0,model nhầm lẫn lớp; lớp hiếm: bicycle; shape 0.46 | unc 0.72 | vru 1.00 → s_obj 0.798
scene_003_f0042,4,cluster+det,vehicle,0.6156,27.6,159,4.28,2.02,1.49,26.51,-7.68,0.97,3.034,0.36888,0.66288,0.0,0.0,0.343417,0,0,0,0,shape 0.37 | unc 0.66 | vru 0.00 → s_obj 0.343
scene_003_f0042,5,cluster+det,pedestrian,0.5063,15.92,30,0.56,0.55,1.41,12.72,9.58,0.97,0.745,0.56603,0.77296,0.0,1.0,0.672198,0,0,0,0,shape 0.57 | unc 0.77 | vru 1.00 → s_obj 0.672
scene_003_f0042,6,cluster+det,other,0.3064,32.83,14,0.5,0.43,0.9,31.67,-8.64,0.96,-2.183,0.57551,1.0,0.333,1.0,0.912405,1,0,0,0,xa 32.8 m; shape 0.58 | unc 1.00 | vru 1.00 → s_obj 0.912
scene_003_f0043,0,cluster+det,vehicle,0.6746,18.94,276,4.29,1.92,1.32,18.54,-3.88,0.96,-3.028,0.35274,0.67215,0.0,0.0,0.256692,0,0,0,0,shape 0.35 | unc 0.67 | vru 0.00 → s_obj 0.257
scene_003_f0043,1,cluster+det,vehicle,0.6331,23.71,171,4.29,1.95,1.32,22.42,-7.71,0.97,3.106,0.36382,0.66718,0.0,0.0,0.314744,0,0,0,0,shape 0.36 | unc 0.67 | vru 0.00 → s_obj 0.315
scene_003_f0043,2,cluster+det,vehicle,0.7756,7.13,516,4.35,2.04,1.34,0.13,-7.13,0.93,3.008,0.38507,0.739,0.0,0.0,0.444233,0,0,0,0,shape 0.39 | unc 0.74 | vru 0.00 → s_obj 0.444
scene_003_f0043,3,cluster+det,pedestrian,0.5853,12.9,47,0.64,0.63,1.25,8.71,9.52,1.01,1.804,0.55357,0.88618,0.333,1.0,0.873395,0,0,1,0,model nhầm lẫn lớp; shape 0.55 | unc 0.89 | vru 1.00 → s_obj 0.873
scene_003_f0043,4,cluster+det,vehicle,0.7671,9.0,430,4.29,1.9,1.34,-4.47,7.81,0.94,-3.032,0.3689,0.7125,0.0,0.0,0.370239,0,0,0,0,shape 0.37 | unc 0.71 | vru 0.00 → s_obj 0.370
scene_003_f0043,5,cluster+det,pedestrian,0.3668,28.94,19,0.49,0.36,1.37,27.65,-8.57,1.03,0.144,0.57581,0.84881,0.333,1.0,0.890316,0,0,1,0,model nhầm lẫn lớp; shape 0.58 | unc 0.85 | vru 1.00 → s_obj 0.890
scene_003_f0044,0,cluster+det,vehicle,0.7768,8.1,495,4.24,1.92,1.36,-3.82,-7.14,0.94,3.058,0.37303,0.67189,0.0,0.0,0.371763,0,0,0,0,shape 0.37 | unc 0.67 | vru 0.00 → s_obj 0.372
scene_003_f0044,1,cluster+det,vehicle,0.6621,20.11,212,4.28,1.9,1.3,18.6,-7.64,0.95,3.045,0.36072,0.74584,0.0,0.0,0.338411,0,0,0,0,shape 0.36 | unc 0.75 | vru 0.00 → s_obj 0.338
scene_003_f0044,2,cluster+det,pedestrian,0.6439,10.67,51,0.59,0.56,1.43,4.7,9.57,1.05,0.272,0.57314,0.66963,0.0,1.0,0.633079,0,0,0,0,shape 0.57 | unc 0.67 | vru 1.00 → s_obj 0.633
scene_003_f0044,3,cluster+det,vehicle,0.7144,14.94,319,4.31,1.96,1.38,14.41,-3.93,0.97,-3.056,0.35531,0.61313,0.0,0.0,0.245103,0,0,0,0,shape 0.36 | unc 0.61 | vru 0.00 → s_obj 0.245
scene_003_f0044,4,cluster+det,pedestrian,0.4287,25.18,29,0.59,0.51,1.27,23.68,-8.56,1.06,-0.094,0.55498,0.88818,0.333,1.0,0.875898,0,0,1,0,model nhầm lẫn lớp; shape 0.55 | unc 0.89 | vru 1.00 → s_obj 0.876
scene_003_f0044,5,cluster,,,46.84,5,1.61,0.09,0.37,46.69,3.81,0.83,2.985,0.61024,3.52573,0.667,0.0,0.959412,1,1,0,1,xa 46.8 m; ít điểm (5); model bỏ sót (chỉ cluster bắt được); shape 0.61 | unc 3.53 | vru 0.00 → s_obj 0.959
scene_003_f0045,0,cluster+det,vehicle,0.7511,11.22,408,4.29,1.94,1.39,10.51,-3.91,0.92,-3.025,0.36301,0.60762,0.0,0.0,0.285092,0,0,0,0,shape 0.36 | unc 0.61 | vru 0.00 → s_obj 0.285
scene_003_f0045,1,cluster+det,vehicle,0.7009,16.37,298,4.33,2.01,1.4,14.51,-7.57,1.01,3.006,0.37567,0.74512,0.0,0.0,0.419206,0,0,0,0,shape 0.38 | unc 0.75 | vru 0.00 → s_obj 0.419
scene_003_f0045,2,cluster+det,bicycle,0.2915,43.08,13,1.18,0.53,1.53,42.92,3.75,0.97,2.822,0.54392,0.88606,0.667,1.0,0.987378,1,0,1,0,xa 43.1 m; model nhầm lẫn lớp; lớp hiếm: bicycle; shape 0.54 | unc 0.89 | vru 1.00 → s_obj 0.987
scene_003_f0045,3,cluster+det,pedestrian,0.4578,21.46,30,0.56,0.47,1.32,19.68,-8.57,1.08,0.042,0.56225,0.85916,0.333,1.0,0.87753,0,0,1,0,model nhầm lẫn lớp; shape 0.56 | unc 0.86 | vru 1.00 → s_obj 0.878
scene_003_f0045,4,cluster+det,pedestrian,0.6516,9.59,52,0.52,0.52,1.41,0.7,9.56,1.06,-0.694,0.59143,0.69211,0.0,1.0,0.658977,0,0,0,0,shape 0.59 | unc 0.69 | vru 1.00 → s_obj 0.659
scene_003_f0046,0,cluster+det,vehicle,0.7806,7.64,491,4.28,1.97,1.37,6.57,-3.9,0.91,-3.032,0.37084,0.70127,0.0,0.0,0.373993,0,0,0,0,shape 0.37 | unc 0.70 | vru 0.00 → s_obj 0.374
scene_003_f0046,1,cluster+det,vehicle,0.7343,13.01,354,4.24,1.97,1.4,10.53,-7.64,0.94,3.049,0.34986,0.56796,0.0,0.0,0.201959,0,0,0,0,shape 0.35 | unc 0.57 | vru 0.00 → s_obj 0.202
scene_003_f0046,2,cluster+det,pedestrian,0.5266,17.85,37,0.54,0.48,1.43,15.64,-8.6,0.98,1.178,0.54717,0.70346,0.0,1.0,0.627856,0,0,0,0,shape 0.55 | unc 0.70 | vru 1.00 → s_obj 0.628
scene_003_f0046,3,cluster+det,pedestrian,0.681,10.13,62,0.53,0.52,1.41,-3.31,9.58,1.04,-0.266,0.59747,0.71248,0.0,1.0,0.672198,0,0,0,0,shape 0.60 | unc 0.71 | vru 1.00 → s_obj 0.672
scene_003_f0047,0,cluster+det,vehicle,0.8187,4.65,549,4.3,1.9,1.4,2.53,-3.9,0.94,-3.003,0.39629,0.62584,0.0,0.0,0.411099,0,0,0,0,shape 0.40 | unc 0.63 | vru 0.00 → s_obj 0.411
scene_003_f0047,1,cluster+det,vehicle,0.7621,9.99,433,4.31,1.89,1.37,6.45,-7.63,0.94,3.062,0.37398,0.61293,0.0,0.0,0.348368,0,0,0,0,shape 0.37 | unc 0.61 | vru 0.00 → s_obj 0.348
scene_003_f0047,2,cluster+det,pedestrian,0.6398,14.49,61,0.61,0.59,1.38,11.66,-8.6,1.03,-0.064,0.5705,0.75305,0.333,1.0,0.860664,0,0,1,0,model nhầm lẫn lớp; shape 0.57 | unc 0.75 | vru 1.00 → s_obj 0.861
scene_003_f0047,3,cluster+det,bicycle,0.345,34.79,19,1.85,0.76,1.08,34.59,3.7,1.0,-2.761,0.43148,0.80709,0.667,1.0,0.924538,1,0,1,0,xa 34.8 m; model nhầm lẫn lớp; lớp hiếm: bicycle; shape 0.43 | unc 0.81 | vru 1.00 → s_obj 0.925
scene_003_f0047,4,cluster+det,other,0.3406,44.67,33,3.51,1.78,1.43,44.58,-2.97,1.04,3.072,0.42229,1.0,0.333,0.0,0.727584,1,0,0,0,xa 44.7 m; shape 0.42 | unc 1.00 | vru 0.00 → s_obj 0.728
scene_003_f0048,0,cluster+det,vehicle,0.8187,4.16,569,4.29,1.91,1.37,-1.5,-3.88,0.93,-3.004,0.39783,0.7166,0.0,0.0,0.461806,0,0,0,0,shape 0.40 | unc 0.72 | vru 0.00 → s_obj 0.462
scene_003_f0048,1,cluster+det,vehicle,0.7764,8.07,410,4.31,1.94,1.36,2.53,-7.66,0.94,3.026,0.3626,0.67395,0.0,0.0,0.312731,0,0,0,0,shape 0.36 | unc 0.67 | vru 0.00 → s_obj 0.313
scene_003_f0048,2,cluster+det,other,0.4313,40.84,57,4.15,2.02,1.14,40.71,-3.22,0.96,3.112,0.37339,1.0,0.333,0.0,0.648368,1,0,0,0,xa 40.8 m; shape 0.37 | unc 1.00 | vru 0.00 → s_obj 0.648
scene_003_f0048,3,cluster+det,pedestrian,0.6673,11.53,60,0.57,0.51,1.44,7.7,-8.58,1.01,-0.491,0.58098,0.67732,0.0,1.0,0.644233,0,0,0,0,shape 0.58 | unc 0.68 | vru 1.00 → s_obj 0.644
scene_003_f0048,4,cluster+det,bicycle,0.388,30.88,21,1.95,0.72,1.26,30.65,3.72,1.02,-2.846,0.46783,0.74602,0.667,1.0,0.929597,1,0,1,0,xa 30.9 m; model nhầm lẫn lớp; lớp hiếm: bicycle; shape 0.47 | unc 0.75 | vru 1.00 → s_obj 0.930
scene_003_f0049,0,cluster+det,vehicle,0.7999,7.83,526,4.3,1.99,1.56,-1.4,-7.7,0.94,3.056,0.39661,0.52021,0.0,0.0,0.385582,0,0,0,0,shape 0.40 | unc 0.52 | vru 0.00 → s_obj 0.386
scene_003_f0049,1,cluster+det,vehicle,0.5078,37.16,80,4.12,1.9,1.31,37.01,-3.28,1.0,-3.113,0.3895,0.7909,0.333,0.0,0.659902,1,0,0,0,xa 37.2 m; shape 0.39 | unc 0.79 | vru 0.00 → s_obj 0.660
scene_003_f0049,2,cluster+det,bicycle,0.4139,27.07,23,1.76,0.7,1.2,26.81,3.71,0.99,-2.961,0.43371,1.0,0.333,1.0,0.838139,0,0,1,0,model nhầm lẫn lớp; lớp hiếm: bicycle; shape 0.43 | unc 1.00 | vru 1.00 → s_obj 0.838
scene_003_f0049,3,cluster+det,pedestrian,0.6756,9.38,58,0.55,0.5,1.42,3.67,-8.63,1.05,1.228,0.59981,0.70763,0.0,1.0,0.673449,0,0,0,0,shape 0.60 | unc 0.71 | vru 1.00 → s_obj 0.673
scene_005_f0000,0,cluster+det,vehicle,0.6476,22.32,155,4.33,2.13,1.54,22.14,-2.86,0.97,-3.091,0.41086,0.71401,0.0,0.0,0.468988,0,0,0,0,shape 0.41 | unc 0.71 | vru 0.00 → s_obj 0.469
scene_005_f0000,1,cluster+det,vehicle,0.7011,16.22,260,4.29,2.09,1.47,14.63,6.99,0.93,2.991,0.35414,0.69369,0.0,0.0,0.277802,0,0,0,0,shape 0.35 | unc 0.69 | vru 0.00 → s_obj 0.278
scene_005_f0000,2,cluster+det,vehicle,0.6151,23.61,141,4.18,2.29,1.52,23.34,3.55,0.94,-3.126,0.39325,1.0,0.0,0.0,0.510936,0,0,0,0,shape 0.39 | unc 1.00 | vru 0.00 → s_obj 0.511
scene_005_f0000,3,cluster+det,pedestrian,0.321,32.75,11,0.43,0.39,1.39,31.55,8.79,1.02,0.654,0.59,0.82843,0.667,1.0,1.0,1,0,1,0,xa 32.8 m; model nhầm lẫn lớp; shape 0.59 | unc 0.83 | vru 1.00 → s_obj 1.000
scene_005_f0001,0,cluster+det,vehicle,0.7437,12.77,274,4.27,1.93,1.43,10.71,6.95,0.92,2.941,0.35163,0.60375,0.0,0.0,0.219913,0,0,0,0,shape 0.35 | unc 0.60 | vru 0.00 → s_obj 0.220
scene_005_f0001,1,cluster+det,vehicle,0.7042,18.39,176,4.29,2.0,1.75,18.16,-2.89,0.93,3.131,0.38523,0.52826,0.0,0.0,0.363384,0,0,0,0,shape 0.39 | unc 0.53 | vru 0.00 → s_obj 0.363
scene_005_f0001,2,cluster+det,vehicle,0.6817,19.72,185,4.3,1.91,1.43,19.4,3.53,0.93,3.113,0.35121,0.58773,0.0,0.0,0.21197,0,0,0,0,shape 0.35 | unc 0.59 | vru 0.00 → s_obj 0.212
scene_005_f0001,3,cluster+det,other,0.3272,28.8,13,0.39,0.33,1.19,27.42,8.83,0.87,3.061,0.59938,1.0,0.0,1.0,0.73803,0,0,0,0,shape 0.60 | unc 1.00 | vru 1.00 → s_obj 0.738
scene_005_f0002,0,cluster+det,vehicle,0.7161,15.84,213,4.27,2.0,1.49,15.44,3.56,0.89,-3.139,0.3936,0.56609,0.0,0.0,0.385473,0,0,0,0,shape 0.39 | unc 0.57 | vru 0.00 → s_obj 0.385
scene_005_f0002,1,cluster+det,vehicle,0.7145,14.48,236,4.26,2.06,1.42,14.19,-2.92,0.97,-3.046,0.36724,0.70412,0.0,0.0,0.354407,0,0,0,0,shape 0.37 | unc 0.70 | vru 0.00 → s_obj 0.354
scene_005_f0002,2,cluster+det,vehicle,0.7749,9.71,345,4.28,2.01,1.51,6.71,7.01,0.91,2.922,0.36388,0.52918,0.0,0.0,0.271382,0,0,0,0,shape 0.36 | unc 0.53 | vru 0.00 → s_obj 0.271
scene_005_f0002,3,cluster+det,other,0.3464,25.07,15,0.47,0.44,1.03,23.46,8.84,1.16,2.738,0.59917,1.0,0.0,1.0,0.73765,0,0,0,0,shape 0.60 | unc 1.00 | vru 1.00 → s_obj 0.738
scene_005_f0003,0,cluster+det,vehicle,0.7442,11.92,263,4.3,2.09,1.53,11.36,3.62,0.92,-3.128,0.36993,0.66942,0.0,0.0,0.353645,0,0,0,0,shape 0.37 | unc 0.67 | vru 0.00 → s_obj 0.354
scene_005_f0003,1,cluster+det,vehicle,0.7579,10.44,338,4.4,2.08,1.52,10.05,-2.82,0.96,-3.105,0.37051,0.71635,0.0,0.0,0.381175,0,0,0,0,shape 0.37 | unc 0.72 | vru 0.00 → s_obj 0.381
scene_005_f0003,2,cluster+det,pedestrian,0.4561,21.4,28,0.57,0.46,1.38,19.5,8.81,1.04,1.294,0.54693,0.76791,0.333,1.0,0.843471,0,0,1,0,model nhầm lẫn lớp; shape 0.55 | unc 0.77 | vru 1.00 → s_obj 0.843
scene_005_f0003,3,cluster+det,vehicle,0.7974,7.46,382,4.26,2.06,1.78,2.71,6.95,0.98,2.94,0.41075,0.57155,0.0,0.0,0.406094,0,0,0,0,shape 0.41 | unc 0.57 | vru 0.00 → s_obj 0.406
scene_005_f0004,0,cluster+det,vehicle,0.7911,7.08,373,4.29,1.88,2.03,-1.43,6.94,0.9,2.939,0.41455,0.66003,0.0,0.0,0.441404,0,0,0,0,shape 0.41 | unc 0.66 | vru 0.00 → s_obj 0.441
scene_005_f0004,1,cluster+det,vehicle,0.7882,8.25,360,4.27,1.89,1.43,7.43,3.58,0.92,3.112,0.35372,0.54152,0.0,0.0,0.216921,0,0,0,0,shape 0.35 | unc 0.54 | vru 0.00 → s_obj 0.217
scene_005_f0004,2,cluster+det,pedestrian,0.5605,17.8,39,0.79,0.54,1.7,15.48,8.8,1.05,-3.083,0.56749,0.50001,0.0,1.0,0.579434,0,0,0,0,shape 0.57 | unc 0.50 | vru 1.00 → s_obj 0.579
scene_005_f0004,3,cluster+det,vehicle,0.7949,6.82,387,4.42,1.88,1.39,6.18,-2.87,0.94,-3.08,0.36754,0.58982,0.0,0.0,0.30691,0,0,0,0,shape 0.37 | unc 0.59 | vru 0.00 → s_obj 0.307
scene_005_f0005,0,cluster+det,vehicle,0.8328,3.59,465,4.25,1.99,1.47,2.17,-2.86,0.94,-3.095,0.37404,0.58308,0.0,0.0,0.338901,0,0,0,0,shape 0.37 | unc 0.58 | vru 0.00 → s_obj 0.339
scene_005_f0005,1,cluster+det,pedestrian,0.4889,14.48,29,0.57,0.4,1.31,11.46,8.84,0.9,1.924,0.5561,0.87845,0.333,1.0,0.874918,0,0,1,0,model nhầm lẫn lớp; shape 0.56 | unc 0.88 | vru 1.00 → s_obj 0.875
scene_005_f0005,2,cluster+det,vehicle,0.7832,5.04,440,4.33,2.23,1.43,3.53,3.59,0.96,3.067,0.38448,0.85637,0.0,0.0,0.471055,0,0,0,0,shape 0.38 | unc 0.86 | vru 0.00 → s_obj 0.471
scene_005_f0006,0,cluster+det,other,0.7686,3.64,482,4.29,2.59,1.86,-0.53,3.61,0.91,3.11,0.47667,1.0,0.0,0.0,0.567682,0,0,0,0,shape 0.48 | unc 1.00 | vru 0.00 → s_obj 0.568
scene_005_f0006,1,cluster+det,vehicle,0.8242,3.37,505,4.28,1.96,1.37,-1.8,-2.85,0.94,-3.108,0.37655,0.61064,0.0,0.0,0.359304,0,0,0,0,shape 0.38 | unc 0.61 | vru 0.00 → s_obj 0.359
scene_005_f0006,2,cluster+det,pedestrian,0.5461,11.57,34,0.55,0.44,1.39,7.49,8.82,0.97,1.75,0.55791,0.77895,0.333,1.0,0.856366,0,0,1,0,model nhầm lẫn lớp; shape 0.56 | unc 0.78 | vru 1.00 → s_obj 0.856
scene_005_f0006,3,cluster+det,other,0.3567,44.41,41,3.88,2.76,1.52,44.24,-3.92,1.02,-2.781,0.53331,0.80129,0.333,0.0,0.743308,1,0,0,0,xa 44.4 m; shape 0.53 | unc 0.80 | vru 0.00 → s_obj 0.743
scene_005_f0006,4,cluster,,,46.64,8,1.42,0.55,0.33,46.28,5.76,1.11,2.919,0.59096,1.0,0.667,0.0,0.936942,1,1,0,0,xa 46.6 m; ít điểm (8); shape 0.59 | unc 1.00 | vru 0.00 → s_obj 0.937
scene_005_f0007,0,cluster+det,vehicle,0.8097,5.77,406,4.29,1.98,1.45,-4.54,3.57,0.96,3.075,0.37193,0.57784,0.0,0.0,0.327095,0,0,0,0,shape 0.37 | unc 0.58 | vru 0.00 → s_obj 0.327
scene_005_f0007,1,cluster+det,pedestrian,0.6744,9.47,59,0.63,0.58,1.37,3.47,8.81,0.9,1.379,0.56923,0.71139,0.333,1.0,0.841893,0,0,1,0,model nhầm lẫn lớp; shape 0.57 | unc 0.71 | vru 1.00 → s_obj 0.842
scene_005_f0007,2,cluster+det,vehicle,0.4924,41.0,65,4.27,1.87,1.74,40.82,-3.86,0.94,-3.112,0.39581,0.70509,0.333,0.0,0.638248,1,0,0,0,xa 41.0 m; shape 0.40 | unc 0.71 | vru 0.00 → s_obj 0.638
scene_005_f0007,3,cluster+det,other,0.2692,42.23,11,1.49,0.38,0.94,41.85,5.69,0.91,-2.938,0.48175,1.0,0.333,1.0,0.867084,1,0,0,0,xa 42.2 m; shape 0.48 | unc 1.00 | vru 1.00 → s_obj 0.867
scene_005_f0008,0,cluster+det,vehicle,0.5253,37.0,76,4.19,2.02,1.73,36.8,-3.85,0.92,-2.919,0.39643,0.49221,0.333,0.0,0.573449,1,0,0,0,xa 37.0 m; shape 0.40 | unc 0.49 | vru 0.00 → s_obj 0.573
scene_005_f0008,1,cluster+det,pedestrian,0.6401,8.82,48,0.55,0.52,1.4,-0.52,8.8,1.07,0.707,0.56527,0.8921,0.0,1.0,0.697443,0,0,0,0,shape 0.57 | unc 0.89 | vru 1.00 → s_obj 0.697
scene_005_f0008,2,cluster+det,bicycle,0.3428,38.48,15,1.9,0.63,1.39,38.04,5.79,0.81,-3.116,0.48812,0.69829,0.667,1.0,0.918444,1,0,1,0,xa 38.5 m; model nhầm lẫn lớp; lớp hiếm: bicycle; shape 0.49 | unc 0.70 | vru 1.00 → s_obj 0.918
scene_005_f0009,0,cluster+det,vehicle,0.5492,32.84,83,4.22,1.94,1.4,32.6,-3.97,1.0,-3.004,0.34089,0.64298,0.333,0.0,0.385256,1,0,0,0,xa 32.8 m; shape 0.34 | unc 0.64 | vru 0.00 → s_obj 0.385
scene_005_f0009,1,cluster+det,pedestrian,0.6599,9.93,53,0.57,0.53,1.45,-4.54,8.84,0.91,-0.263,0.57729,0.70688,0.0,1.0,0.658705,0,0,0,0,shape 0.58 | unc 0.71 | vru 1.00 → s_obj 0.659
scene_005_f0009,2,cluster+det,bicycle,0.3282,34.29,14,1.14,0.7,1.54,33.8,5.78,0.88,0.646,0.57121,0.75339,0.667,1.0,0.981774,1,0,1,0,xa 34.3 m; model nhầm lẫn lớp; lớp hiếm: bicycle; shape 0.57 | unc 0.75 | vru 1.00 → s_obj 0.982
scene_005_f0010,0,cluster+det,vehicle,0.6059,28.93,111,4.29,1.96,1.51,28.68,-3.81,0.97,-2.954,0.35573,0.49159,0.0,0.0,0.224864,0,0,0,0,shape 0.36 | unc 0.49 | vru 0.00 → s_obj 0.225
scene_005_f0010,1,cluster+det,bicycle,0.3607,30.74,14,1.94,0.58,1.26,30.23,5.61,0.9,-3.067,0.45384,0.74986,0.667,1.0,0.922688,1,0,1,0,xa 30.7 m; model nhầm lẫn lớp; lớp hiếm: bicycle; shape 0.45 | unc 0.75 | vru 1.00 → s_obj 0.923
scene_005_f0011,0,cluster+det,other,0.2902,46.58,24,3.41,1.51,0.88,46.06,6.94,1.05,2.968,0.46972,1.0,0.333,0.0,0.753863,1,0,0,0,xa 46.6 m; shape 0.47 | unc 1.00 | vru 0.00 → s_obj 0.754
scene_005_f0011,1,cluster+det,vehicle,0.6503,25.07,141,4.25,1.93,1.6,24.78,-3.79,0.89,-2.937,0.37834,0.51235,0.0,0.0,0.342274,0,0,0,0,shape 0.38 | unc 0.51 | vru 0.00 → s_obj 0.342
scene_005_f0011,2,cluster+det,motorcycle,0.4547,26.69,29,2.02,0.74,1.35,26.07,5.71,0.96,-2.987,0.42201,0.70689,0.333,1.0,0.766213,0,0,1,0,model nhầm lẫn lớp; lớp hiếm: motorcycle; shape 0.42 | unc 0.71 | vru 1.00 → s_obj 0.766
scene_005_f0012,0,cluster+det,vehicle,0.6625,20.89,178,4.28,1.99,1.39,20.52,-3.91,0.93,-2.897,0.36048,0.69055,0.0,0.0,0.310446,0,0,0,0,shape 0.36 | unc 0.69 | vru 0.00 → s_obj 0.310
scene_005_f0012,1,cluster+det,vehicle,0.4253,42.71,51,4.27,1.99,1.35,42.11,7.1,0.99,-2.925,0.37265,0.78611,0.333,0.0,0.608923,1,0,0,0,xa 42.7 m; shape 0.37 | unc 0.79 | vru 0.00 → s_obj 0.609
scene_005_f0012,2,cluster+det,bicycle,0.4845,22.86,29,1.83,0.66,1.4,22.1,5.82,0.73,-3.11,0.49807,0.68393,0.333,1.0,0.793743,0,0,1,0,model nhầm lẫn lớp; lớp hiếm: bicycle; shape 0.50 | unc 0.68 | vru 1.00 → s_obj 0.794
scene_005_f0013,0,cluster+det,vehicle,0.4887,38.83,79,4.24,2.08,1.29,38.18,7.06,0.96,3.128,0.35512,0.87847,0.333,0.0,0.528781,1,0,0,0,xa 38.8 m; shape 0.36 | unc 0.88 | vru 0.00 → s_obj 0.529
scene_005_f0013,1,cluster+det,other,0.4691,19.21,35,2.27,1.49,1.52,18.34,5.73,0.91,-3.03,0.47623,1.0,0.0,0.0,0.567301,0,0,0,0,shape 0.48 | unc 1.00 | vru 0.00 → s_obj 0.567
scene_005_f0013,2,cluster+det,vehicle,0.7115,17.16,219,4.33,1.86,1.48,16.71,-3.9,0.97,-2.981,0.35405,0.48143,0.0,0.0,0.214744,0,0,0,0,shape 0.35 | unc 0.48 | vru 0.00 → s_obj 0.215
scene_005_f0014,0,cluster+det,vehicle,0.5368,34.64,89,4.22,2.13,1.52,33.91,7.04,0.9,-3.076,0.36979,0.72903,0.333,0.0,0.574755,1,0,0,0,xa 34.6 m; shape 0.37 | unc 0.73 | vru 0.00 → s_obj 0.575
scene_005_f0014,1,cluster+det,vehicle,0.7633,13.11,257,4.29,1.88,1.68,12.52,-3.88,0.92,-2.974,0.38137,0.41779,0.0,0.0,0.349293,0,0,0,0,shape 0.38 | unc 0.42 | vru 0.00 → s_obj 0.349
scene_005_f0014,2,cluster+det,motorcycle,0.5861,15.09,42,2.04,0.83,1.28,13.94,5.77,0.97,-3.107,0.42868,0.71299,0.333,1.0,0.77198,0,0,1,0,model nhầm lẫn lớp; lớp hiếm: motorcycle; shape 0.43 | unc 0.71 | vru 1.00 → s_obj 0.772
scene_005_f0015,0,cluster+det,other,0.5249,30.83,89,4.29,2.91,1.41,30.02,7.02,0.93,3.028,0.43882,1.0,0.333,0.0,0.737867,1,0,0,0,xa 30.8 m; shape 0.44 | unc 1.00 | vru 0.00 → s_obj 0.738
scene_005_f0015,1,cluster+det,vehicle,0.7697,9.53,320,4.33,2.06,1.5,8.7,-3.9,0.93,-2.991,0.36454,0.65881,0.0,0.0,0.312242,0,0,0,0,shape 0.36 | unc 0.66 | vru 0.00 → s_obj 0.312
scene_005_f0015,2,cluster+det,motorcycle,0.6853,11.47,59,2.03,0.79,1.34,9.95,5.71,0.94,-3.085,0.43323,0.62014,0.333,1.0,0.729815,0,0,1,0,model nhầm lẫn lớp; lớp hiếm: motorcycle; shape 0.43 | unc 0.62 | vru 1.00 → s_obj 0.730
scene_005_f0016,0,cluster+det,vehicle,0.7861,6.09,416,4.32,1.96,1.3,4.66,-3.91,0.93,-2.976,0.37457,0.75337,0.0,0.0,0.416866,0,0,0,0,shape 0.37 | unc 0.75 | vru 0.00 → s_obj 0.417
scene_005_f0016,1,cluster+det,motorcycle,0.6713,8.33,52,2.05,0.84,1.2,6.04,5.74,0.88,-3.071,0.43118,0.74356,0.333,1.0,0.78667,0,0,1,0,model nhầm lẫn lớp; lớp hiếm: motorcycle; shape 0.43 | unc 0.74 | vru 1.00 → s_obj 0.787
scene_005_f0016,2,cluster+det,other,0.5842,26.92,130,4.22,2.31,1.42,25.97,7.1,0.89,-3.141,0.37838,0.67364,0.0,0.0,0.392002,0,0,0,0,shape 0.38 | unc 0.67 | vru 0.00 → s_obj 0.392
scene_005_f0017,0,cluster+det,vehicle,0.8091,4.01,432,4.35,2.15,1.49,0.6,-3.96,0.93,-2.882,0.38764,0.79739,0.0,0.0,0.466485,0,0,0,0,shape 0.39 | unc 0.80 | vru 0.00 → s_obj 0.466
scene_005_f0017,1,cluster+det,vehicle,0.6564,23.01,144,4.34,1.95,1.48,21.92,7.0,0.92,3.081,0.3503,0.55086,0.0,0.0,0.199674,0,0,0,0,shape 0.35 | unc 0.55 | vru 0.00 → s_obj 0.200
scene_005_f0017,2,cluster+det,motorcycle,0.76,6.1,78,2.01,0.79,1.19,2.07,5.74,0.87,-3.004,0.44314,0.76941,0.333,1.0,0.803156,0,0,1,0,model nhầm lẫn lớp; lớp hiếm: motorcycle; shape 0.44 | unc 0.77 | vru 1.00 → s_obj 0.803
scene_005_f0018,0,cluster+det,vehicle,0.8225,5.16,412,4.31,1.96,1.49,-3.38,-3.9,0.97,-2.941,0.37059,0.59443,0.0,0.0,0.324266,0,0,0,0,shape 0.37 | unc 0.59 | vru 0.00 → s_obj 0.324
scene_005_f0018,1,cluster+det,vehicle,0.6526,19.24,180,4.32,2.23,1.39,17.9,7.06,0.95,3.045,0.36726,0.7255,0.0,0.0,0.366757,0,0,0,0,shape 0.37 | unc 0.73 | vru 0.00 → s_obj 0.367
scene_005_f0018,2,cluster+det,motorcycle,0.7746,6.03,74,2.04,0.87,1.34,-2.0,5.68,0.91,-3.066,0.43626,0.6536,0.333,1.0,0.745756,0,0,1,0,model nhầm lẫn lớp; lớp hiếm: motorcycle; shape 0.44 | unc 0.65 | vru 1.00 → s_obj 0.746
scene_005_f0019,0,cluster+det,vehicle,0.7036,15.54,210,4.31,1.95,1.33,13.86,7.02,0.96,3.115,0.34441,0.73255,0.0,0.0,0.250816,0,0,0,0,shape 0.34 | unc 0.73 | vru 0.00 → s_obj 0.251
scene_005_f0020,0,cluster+det,vehicle,0.7275,12.32,262,4.24,2.09,1.39,10.06,7.12,0.93,3.103,0.36853,0.72708,0.0,0.0,0.375408,0,0,0,0,shape 0.37 | unc 0.73 | vru 0.00 → s_obj 0.375
scene_005_f0021,0,cluster+det,vehicle,0.7669,9.19,344,4.28,2.02,1.41,5.9,7.05,0.96,-3.103,0.36724,0.69773,0.0,0.0,0.349782,0,0,0,0,shape 0.37 | unc 0.70 | vru 0.00 → s_obj 0.350
scene_005_f0022,0,cluster+det,vehicle,0.7794,7.25,362,4.3,1.94,1.32,1.9,6.99,0.94,3.122,0.36172,0.74426,0.0,0.0,0.342329,0,0,0,0,shape 0.36 | unc 0.74 | vru 0.00 → s_obj 0.342
scene_005_f0023,0,cluster+det,vehicle,0.8038,7.39,374,4.26,1.9,1.49,-2.16,7.07,0.95,3.14,0.36685,0.61968,0.0,0.0,0.311806,0,0,0,0,shape 0.37 | unc 0.62 | vru 0.00 → s_obj 0.312
scene_005_f0023,1,cluster+det,vehicle,0.4267,44.66,56,3.95,1.81,1.4,44.04,7.39,0.97,2.747,0.36445,0.68839,0.333,0.0,0.519042,1,0,0,0,xa 44.7 m; shape 0.36 | unc 0.69 | vru 0.00 → s_obj 0.519
scene_005_f0023,2,cluster+det,other,0.2717,43.95,16,2.6,1.65,1.13,43.78,-3.86,0.79,-2.53,0.50595,1.0,0.333,0.0,0.769859,1,0,0,0,xa 43.9 m; shape 0.51 | unc 1.00 | vru 0.00 → s_obj 0.770
scene_005_f0023,3,cluster+det,other,0.2737,45.88,18,1.74,1.54,1.23,45.67,-4.39,0.97,-2.099,0.48762,1.0,0.333,0.0,0.764908,1,0,0,0,xa 45.9 m; shape 0.49 | unc 1.00 | vru 0.00 → s_obj 0.765
scene_005_f0024,0,cluster+det,vehicle,0.3995,40.44,42,4.13,1.63,1.29,39.75,7.43,1.03,2.971,0.39099,1.0,0.333,0.0,0.697497,1,0,0,0,xa 40.4 m; shape 0.39 | unc 1.00 | vru 0.00 → s_obj 0.697
scene_005_f0024,1,cluster+det,other,0.4116,40.94,50,4.04,1.86,1.1,40.72,-4.26,0.96,2.912,0.45418,2.53085,0.333,0.0,0.753591,1,0,0,0,xa 40.9 m; shape 0.45 | unc 2.53 | vru 0.00 → s_obj 0.754
scene_005_f0025,0,cluster+det,vehicle,0.4699,36.52,60,4.31,1.85,1.19,36.27,-4.19,1.08,3.026,0.38706,0.8678,0.333,0.0,0.670185,1,0,0,0,xa 36.5 m; shape 0.39 | unc 0.87 | vru 0.00 → s_obj 0.670
scene_005_f0025,1,cluster+det,vehicle,0.4796,36.84,57,3.98,1.9,1.46,36.11,7.28,0.99,3.045,0.36805,0.81454,0.333,0.0,0.58901,1,0,0,0,xa 36.8 m; shape 0.37 | unc 0.81 | vru 0.00 → s_obj 0.589
scene_005_f0026,0,cluster+det,vehicle,0.5198,32.57,73,4.3,1.83,1.21,31.73,7.32,1.06,2.966,0.36284,0.89677,0.333,0.0,0.573341,1,0,0,0,xa 32.6 m; shape 0.36 | unc 0.90 | vru 0.00 → s_obj 0.573
scene_005_f0026,1,cluster+det,vehicle,0.5511,32.74,86,4.24,1.86,1.36,32.46,-4.29,0.97,2.858,0.35532,0.52588,0.333,0.0,0.414962,1,0,0,0,xa 32.7 m; shape 0.36 | unc 0.53 | vru 0.00 → s_obj 0.415
scene_005_f0027,0,cluster+det,vehicle,0.5734,28.71,118,4.3,2.12,1.25,27.75,7.36,1.01,2.9,0.35826,1.0,0.0,0.0,0.373069,0,0,0,0,shape 0.36 | unc 1.00 | vru 0.00 → s_obj 0.373
scene_005_f0027,1,cluster+det,vehicle,0.5922,29.01,113,4.23,1.86,1.36,28.7,-4.24,1.01,2.971,0.34334,0.64609,0.0,0.0,0.203047,0,0,0,0,shape 0.34 | unc 0.65 | vru 0.00 → s_obj 0.203
scene_005_f0028,0,cluster+det,vehicle,0.6222,24.82,119,4.27,1.9,1.33,24.46,-4.2,0.98,2.922,0.34895,0.6854,0.0,0.0,0.246953,0,0,0,0,shape 0.35 | unc 0.69 | vru 0.00 → s_obj 0.247
scene_005_f0028,1,cluster+det,vehicle,0.6274,24.98,124,4.18,1.89,1.38,23.87,7.35,0.93,3.01,0.36524,0.71329,0.0,0.0,0.351034,0,0,0,0,shape 0.37 | unc 0.71 | vru 0.00 → s_obj 0.351
scene_005_f0029,0,cluster+det,vehicle,0.6593,21.06,161,4.4,1.94,1.36,20.62,-4.32,0.96,2.875,0.35338,0.5801,0.0,0.0,0.223069,0,0,0,0,shape 0.35 | unc 0.58 | vru 0.00 → s_obj 0.223
scene_005_f0029,1,cluster+det,vehicle,0.6538,21.16,162,4.31,1.89,1.31,19.84,7.36,0.99,3.0,0.3673,0.77652,0.0,0.0,0.383678,0,0,0,0,shape 0.37 | unc 0.78 | vru 0.00 → s_obj 0.384
scene_005_f0030,0,cluster+det,vehicle,0.6812,17.45,215,4.2,2.02,1.33,15.82,7.37,0.97,3.083,0.363,0.8347,0.0,0.0,0.372688,0,0,0,0,shape 0.36 | unc 0.83 | vru 0.00 → s_obj 0.373
scene_005_f0030,1,cluster+det,vehicle,0.683,17.12,194,4.35,2.12,1.4,16.58,-4.27,0.96,3.051,0.35745,0.64406,0.0,0.0,0.267573,0,0,0,0,shape 0.36 | unc 0.64 | vru 0.00 → s_obj 0.268
scene_005_f0031,0,cluster+det,vehicle,0.7329,13.85,240,4.3,1.95,1.44,11.72,7.37,0.96,3.069,0.35302,0.66371,0.0,0.0,0.254951,0,0,0,0,shape 0.35 | unc 0.66 | vru 0.00 → s_obj 0.255
scene_005_f0031,1,cluster+det,vehicle,0.7281,13.32,252,4.3,1.99,1.38,12.59,-4.34,0.98,2.978,0.35644,0.5883,0.0,0.0,0.242601,0,0,0,0,shape 0.36 | unc 0.59 | vru 0.00 → s_obj 0.243
scene_005_f0032,0,cluster+det,vehicle,0.7607,9.61,301,4.29,1.89,1.34,8.59,-4.31,0.99,2.943,0.36506,0.6967,0.0,0.0,0.338792,0,0,0,0,shape 0.37 | unc 0.70 | vru 0.00 → s_obj 0.339
scene_005_f0032,1,cluster+det,vehicle,0.7557,10.73,287,4.3,1.94,1.39,7.77,7.4,0.96,3.044,0.34258,0.59131,0.0,0.0,0.181175,0,0,0,0,shape 0.34 | unc 0.59 | vru 0.00 → s_obj 0.181
scene_005_f0033,0,cluster+det,vehicle,0.7785,8.28,312,4.28,1.95,1.39,3.81,7.35,0.97,3.037,0.34817,0.68273,0.0,0.0,0.241404,0,0,0,0,shape 0.35 | unc 0.68 | vru 0.00 → s_obj 0.241
scene_005_f0033,1,cluster+det,vehicle,0.786,6.28,403,4.34,2.03,1.35,4.61,-4.26,0.96,2.888,0.36357,0.75174,0.0,0.0,0.354679,0,0,0,0,shape 0.36 | unc 0.75 | vru 0.00 → s_obj 0.355
scene_005_f0033,2,cluster+det,other,0.2561,47.75,13,2.29,0.88,0.81,47.21,7.19,0.88,-2.235,0.45994,1.0,0.333,1.0,0.853373,1,0,0,0,xa 47.7 m; shape 0.46 | unc 1.00 | vru 1.00 → s_obj 0.853
scene_005_f0033,3,cluster,,,45.98,5,0.3,0.25,0.93,45.33,7.73,0.68,-1.781,0.61618,3.52573,0.667,0.3,1.0,1,1,0,1,xa 46.0 m; ít điểm (5); model bỏ sót (chỉ cluster bắt được); shape 0.62 | unc 3.53 | vru 0.30 → s_obj 1.000
scene_005_f0034,0,cluster+det,vehicle,0.8263,4.29,470,4.28,1.95,1.44,0.51,-4.26,0.96,2.935,0.36476,0.58929,0.0,0.0,0.28765,0,0,0,0,shape 0.36 | unc 0.59 | vru 0.00 → s_obj 0.288
scene_005_f0034,1,cluster+det,vehicle,0.7842,7.37,382,4.28,1.89,1.35,-0.12,7.37,0.95,3.043,0.36665,0.66886,0.0,0.0,0.332807,0,0,0,0,shape 0.37 | unc 0.67 | vru 0.00 → s_obj 0.333
scene_005_f0034,2,cluster+det,other,0.3431,43.63,35,4.09,1.62,0.91,43.06,7.0,1.13,-3.109,0.50837,0.91257,0.333,0.0,0.758977,1,0,0,0,xa 43.6 m; shape 0.51 | unc 0.91 | vru 0.00 → s_obj 0.759
scene_005_f0035,0,cluster+det,vehicle,0.801,5.48,389,4.28,1.89,1.34,-3.35,-4.34,0.96,2.945,0.37614,0.60427,0.0,0.0,0.353373,0,0,0,0,shape 0.38 | unc 0.60 | vru 0.00 → s_obj 0.353
scene_005_f0035,1,cluster+det,vehicle,0.7842,8.33,325,4.29,1.99,1.46,-4.06,7.28,0.96,3.002,0.35715,0.6461,0.0,0.0,0.266812,0,0,0,0,shape 0.36 | unc 0.65 | vru 0.00 → s_obj 0.267
scene_005_f0035,2,cluster+det,vehicle,0.3713,44.88,35,4.12,1.92,1.41,44.72,3.86,1.11,-3.016,0.44593,3.02573,0.333,0.0,0.750707,1,0,0,0,xa 44.9 m; shape 0.45 | unc 3.03 | vru 0.00 → s_obj 0.751
scene_005_f0035,3,cluster+det,vehicle,0.4495,39.63,58,4.11,1.94,1.25,38.94,7.39,1.07,-3.093,0.39782,0.80018,0.333,0.0,0.678074,1,0,0,0,xa 39.6 m; shape 0.40 | unc 0.80 | vru 0.00 → s_obj 0.678
scene_005_f0036,0,cluster+det,vehicle,0.5238,35.93,75,4.19,1.94,1.45,35.16,7.39,1.0,-3.075,0.35214,0.69049,0.333,0.0,0.454951,1,0,0,0,xa 35.9 m; shape 0.35 | unc 0.69 | vru 0.00 → s_obj 0.455
scene_005_f0036,1,cluster+det,vehicle,0.4321,40.81,50,4.14,1.99,1.36,40.62,3.93,1.05,-2.93,0.37657,0.48779,0.333,0.0,0.526877,1,0,0,0,xa 40.8 m; shape 0.38 | unc 0.49 | vru 0.00 → s_obj 0.527
scene_005_f0037,0,cluster+det,vehicle,0.4731,37.27,55,4.06,1.82,1.43,37.04,4.07,1.06,-3.008,0.38357,0.86597,0.333,0.0,0.661534,1,0,0,0,xa 37.3 m; shape 0.38 | unc 0.87 | vru 0.00 → s_obj 0.662
scene_005_f0037,1,cluster+det,vehicle,0.5404,32.01,88,4.1,1.98,1.24,31.16,7.33,0.97,3.102,0.34619,0.90391,0.333,0.0,0.48667,1,0,0,0,xa 32.0 m; shape 0.35 | unc 0.90 | vru 0.00 → s_obj 0.487
scene_005_f0038,0,cluster+det,vehicle,0.5184,33.05,75,4.38,2.02,1.23,32.81,4.02,0.97,-2.964,0.35965,0.9006,0.333,0.0,0.557236,1,0,0,0,xa 33.1 m; shape 0.36 | unc 0.90 | vru 0.00 → s_obj 0.557
scene_005_f0038,1,cluster+det,vehicle,0.5928,28.13,100,4.19,1.97,1.38,27.15,7.35,0.99,3.105,0.34636,0.70001,0.0,0.0,0.239336,0,0,0,0,shape 0.35 | unc 0.70 | vru 0.00 → s_obj 0.239
scene_005_f0039,0,cluster+det,vehicle,0.6403,24.41,147,4.23,1.91,1.42,23.3,7.26,0.94,-3.121,0.35291,0.59632,0.0,0.0,0.226442,0,0,0,0,shape 0.35 | unc 0.60 | vru 0.00 → s_obj 0.226
scene_005_f0039,1,cluster+det,vehicle,0.5814,28.67,99,4.46,2.05,1.38,28.4,3.91,0.95,3.075,0.36843,0.88775,0.0,0.0,0.413983,0,0,0,0,shape 0.37 | unc 0.89 | vru 0.00 → s_obj 0.414
scene_005_f0040,0,cluster+det,vehicle,0.6679,20.42,168,4.31,2.05,1.46,19.08,7.28,0.95,-3.071,0.36801,0.71347,0.0,0.0,0.365452,0,0,0,0,shape 0.37 | unc 0.71 | vru 0.00 → s_obj 0.365
scene_005_f0040,1,cluster+det,vehicle,0.637,25.02,130,4.24,1.89,1.45,24.69,4.03,0.97,-3.058,0.34541,0.57256,0.0,0.0,0.183624,0,0,0,0,shape 0.35 | unc 0.57 | vru 0.00 → s_obj 0.184
scene_005_f0041,0,cluster+det,vehicle,0.6884,16.93,218,4.24,2.06,1.37,15.29,7.27,0.92,-3.073,0.365,0.70941,0.0,0.0,0.345158,0,0,0,0,shape 0.36 | unc 0.71 | vru 0.00 → s_obj 0.345
scene_005_f0041,1,cluster+det,vehicle,0.6599,21.02,154,4.33,2.09,1.49,20.63,4.03,0.94,-3.065,0.37135,0.74795,0.0,0.0,0.399728,0,0,0,0,shape 0.37 | unc 0.75 | vru 0.00 → s_obj 0.400
scene_005_f0042,0,cluster+det,vehicle,0.7088,17.13,231,4.28,1.97,1.5,16.65,4.05,0.94,-3.022,0.36639,0.58954,0.0,0.0,0.298096,0,0,0,0,shape 0.37 | unc 0.59 | vru 0.00 → s_obj 0.298
scene_005_f0042,1,cluster+det,vehicle,0.7325,13.36,266,4.27,1.92,1.39,11.22,7.25,0.93,-3.107,0.34675,0.66827,0.0,0.0,0.225354,0,0,0,0,shape 0.35 | unc 0.67 | vru 0.00 → s_obj 0.225
scene_005_f0042,2,cluster+det,other,0.3788,44.34,45,4.0,1.82,1.08,43.61,-8.01,0.96,-3.02,0.38174,1.0,0.333,0.0,0.677312,1,0,0,0,xa 44.3 m; shape 0.38 | unc 1.00 | vru 0.00 → s_obj 0.677
scene_005_f0043,0,cluster+det,vehicle,0.7194,13.35,241,4.23,1.96,1.31,12.77,3.91,0.94,-3.053,0.35505,0.74166,0.0,0.0,0.305495,0,0,0,0,shape 0.36 | unc 0.74 | vru 0.00 → s_obj 0.305
scene_005_f0043,1,cluster+det,vehicle,0.7756,10.24,306,4.34,2.01,1.58,7.18,7.3,0.95,3.124,0.37145,0.48013,0.0,0.0,0.311697,0,0,0,0,shape 0.37 | unc 0.48 | vru 0.00 → s_obj 0.312
scene_005_f0043,2,cluster+det,vehicle,0.4428,40.09,56,4.13,1.99,1.27,39.29,-7.96,1.03,3.111,0.39709,0.91355,0.333,0.0,0.698368,1,0,0,0,xa 40.1 m; shape 0.40 | unc 0.91 | vru 0.00 → s_obj 0.698
scene_005_f0044,0,cluster+det,vehicle,0.7622,9.43,323,4.28,2.03,1.4,8.57,3.95,0.95,-3.046,0.35045,0.70203,0.0,0.0,0.260011,0,0,0,0,shape 0.35 | unc 0.70 | vru 0.00 → s_obj 0.260
scene_005_f0044,1,cluster+det,vehicle,0.7788,7.9,355,4.28,1.89,1.35,3.04,7.29,0.93,-3.125,0.36389,0.59915,0.0,0.0,0.287432,0,0,0,0,shape 0.36 | unc 0.60 | vru 0.00 → s_obj 0.287
scene_005_f0044,2,cluster+det,vehicle,0.4612,36.22,49,4.24,1.97,1.4,35.32,-7.99,1.03,2.914,0.38126,0.65369,0.333,0.0,0.580903,1,0,0,0,xa 36.2 m; shape 0.38 | unc 0.65 | vru 0.00 → s_obj 0.581
scene_005_f0045,0,cluster+det,vehicle,0.7973,6.08,404,4.32,1.96,1.37,4.64,3.94,0.96,-2.988,0.36595,0.71164,0.0,0.0,0.35185,0,0,0,0,shape 0.37 | unc 0.71 | vru 0.00 → s_obj 0.352
scene_005_f0045,1,cluster+det,vehicle,0.7876,7.33,382,4.29,1.92,1.38,-0.84,7.28,0.92,-3.122,0.37311,0.68148,0.0,0.0,0.378074,0,0,0,0,shape 0.37 | unc 0.68 | vru 0.00 → s_obj 0.378
scene_005_f0045,2,cluster+det,vehicle,0.554,32.47,93,4.14,1.88,1.34,31.45,-8.07,0.94,3.062,0.36118,0.78537,0.333,0.0,0.541186,1,0,0,0,xa 32.5 m; shape 0.36 | unc 0.79 | vru 0.00 → s_obj 0.541
scene_005_f0045,3,cluster+det,other,0.3146,47.46,30,3.59,1.81,1.21,47.36,3.13,0.96,3.091,0.38959,1.0,0.333,0.0,0.695212,1,0,0,0,xa 47.5 m; shape 0.39 | unc 1.00 | vru 0.00 → s_obj 0.695
scene_005_f0046,0,cluster+det,vehicle,0.777,8.74,326,4.32,1.98,1.43,-4.77,7.32,0.96,-3.08,0.35803,0.65532,0.0,0.0,0.275898,0,0,0,0,shape 0.36 | unc 0.66 | vru 0.00 → s_obj 0.276
scene_005_f0046,1,cluster+det,vehicle,0.825,3.99,437,4.28,1.93,1.4,0.66,3.94,0.92,-3.005,0.36748,0.60857,0.0,0.0,0.311153,0,0,0,0,shape 0.37 | unc 0.61 | vru 0.00 → s_obj 0.311
scene_005_f0046,2,cluster+det,vehicle,0.4049,43.75,44,4.24,2.1,1.54,43.65,2.91,1.09,3.118,0.42725,0.52375,0.333,0.0,0.596681,1,0,0,0,xa 43.8 m; shape 0.43 | unc 0.52 | vru 0.00 → s_obj 0.597
scene_005_f0046,3,cluster+det,vehicle,0.5577,28.79,82,4.28,1.99,1.24,27.65,-8.03,0.97,3.073,0.34972,0.91323,0.0,0.0,0.315506,0,0,0,0,shape 0.35 | unc 0.91 | vru 0.00 → s_obj 0.316
scene_005_f0046,4,cluster+det,other,0.3029,45.93,27,2.92,2.13,1.06,45.38,7.07,1.1,2.718,0.5126,1.0,0.333,0.0,0.771382,1,0,0,0,xa 45.9 m; shape 0.51 | unc 1.00 | vru 0.00 → s_obj 0.771
scene_005_f0046,5,cluster,,,48.19,5,1.22,0.08,0.76,47.6,7.55,1.29,-1.249,0.59771,3.52573,0.667,0.3,1.0,1,1,0,1,xa 48.2 m; ít điểm (5); model bỏ sót (chỉ cluster bắt được); shape 0.60 | unc 3.53 | vru 0.30 → s_obj 1.000
scene_005_f0047,0,cluster+det,vehicle,0.8086,5.21,420,4.31,1.95,1.39,-3.43,3.93,0.96,-3.047,0.36064,0.63979,0.0,0.0,0.283896,0,0,0,0,shape 0.36 | unc 0.64 | vru 0.00 → s_obj 0.284
scene_005_f0047,1,cluster+det,other,0.305,39.94,20,2.21,1.39,1.05,39.82,3.11,1.14,2.484,0.50904,1.0,0.333,0.5,0.854244,1,0,0,0,xa 39.9 m; shape 0.51 | unc 1.00 | vru 0.50 → s_obj 0.854
scene_005_f0047,2,cluster+det,vehicle,0.6099,24.96,131,4.43,2.24,1.54,23.6,-8.13,0.99,-3.136,0.40201,0.77793,0.0,0.0,0.484331,0,0,0,0,shape 0.40 | unc 0.78 | vru 0.00 → s_obj 0.484
scene_005_f0047,3,cluster+det,motorcycle,0.315,38.23,17,2.15,0.95,0.99,38.16,2.31,0.9,2.447,0.44525,0.0,0.667,1.0,0.828808,1,0,1,0,xa 38.2 m; model nhầm lẫn lớp; lớp hiếm: motorcycle; shape 0.45 | unc 0.00 | vru 1.00 → s_obj 0.829
scene_005_f0047,4,cluster+det,other,0.3012,41.54,21,2.31,1.51,1.23,40.88,7.4,0.97,-2.902,0.45747,1.0,0.333,0.0,0.747008,1,0,0,0,xa 41.5 m; shape 0.46 | unc 1.00 | vru 0.00 → s_obj 0.747
scene_005_f0047,5,cluster,,,43.76,6,1.05,0.82,0.4,43.25,6.7,1.18,-3.118,0.56007,3.52573,0.667,0.3,1.0,1,1,0,1,xa 43.8 m; ít điểm (6); model bỏ sót (chỉ cluster bắt được); shape 0.56 | unc 3.53 | vru 0.30 → s_obj 1.000
scene_005_f0048,0,cluster+det,vehicle,0.6727,21.14,174,4.32,1.96,1.48,19.52,-8.12,0.99,3.083,0.37174,0.85289,0.0,0.0,0.426768,0,0,0,0,shape 0.37 | unc 0.85 | vru 0.00 → s_obj 0.427
scene_005_f0048,1,cluster+det,other,0.4314,36.03,51,3.46,1.8,1.11,35.92,2.84,1.01,-3.035,0.39748,0.90979,0.333,0.0,0.69864,1,0,0,0,xa 36.0 m; shape 0.40 | unc 0.91 | vru 0.00 → s_obj 0.699
scene_005_f0048,2,cluster+det,vehicle,0.4383,38.66,52,4.05,2.07,1.3,37.94,7.39,1.02,3.129,0.3697,0.91518,0.333,0.0,0.617737,1,0,0,0,xa 38.7 m; shape 0.37 | unc 0.92 | vru 0.00 → s_obj 0.618
scene_005_f0049,0,cluster+det,vehicle,0.7049,17.61,220,4.26,1.93,1.48,15.66,-8.05,0.92,2.986,0.36046,0.66809,0.0,0.0,0.295484,0,0,0,0,shape 0.36 | unc 0.67 | vru 0.00 → s_obj 0.295
scene_005_f0049,1,cluster+det,vehicle,0.5281,31.65,73,4.38,2.07,1.31,31.52,2.86,1.02,3.066,0.3707,0.81242,0.333,0.0,0.603264,1,0,0,0,xa 31.6 m; shape 0.37 | unc 0.81 | vru 0.00 → s_obj 0.603
scene_005_f0049,2,cluster+det,vehicle,0.509,34.63,67,3.99,1.83,1.39,33.87,7.25,1.09,-3.019,0.39989,0.76392,0.333,0.0,0.669097,1,0,0,0,xa 34.6 m; shape 0.40 | unc 0.76 | vru 0.00 → s_obj 0.669
scene_006_f0000,0,cluster+det,vehicle,0.6428,24.05,217,4.28,1.89,1.4,22.93,-7.25,0.96,2.957,0.37108,0.6535,0.0,0.0,0.349837,0,0,0,0,shape 0.37 | unc 0.65 | vru 0.00 → s_obj 0.350
scene_006_f0000,1,cluster+det,vehicle,0.6143,26.77,161,4.24,1.94,1.36,26.43,4.24,0.91,-2.989,0.34147,0.6622,0.0,0.0,0.206746,0,0,0,0,shape 0.34 | unc 0.66 | vru 0.00 → s_obj 0.207
scene_006_f0000,2,cluster+det,other,0.3885,44.68,51,3.33,1.95,1.33,44.58,3.03,0.97,3.111,0.45068,1.0,0.333,0.0,0.743961,1,0,0,0,xa 44.7 m; shape 0.45 | unc 1.00 | vru 0.00 → s_obj 0.744
scene_006_f0000,3,cluster+det,vehicle,0.4751,41.16,73,4.2,1.81,1.3,40.41,-7.86,0.81,-3.139,0.3951,0.6632,0.333,0.0,0.615452,1,0,0,0,xa 41.2 m; shape 0.40 | unc 0.66 | vru 0.00 → s_obj 0.615
scene_006_f0001,0,cluster+det,vehicle,0.6513,23.05,188,4.29,1.96,1.43,22.64,4.32,0.91,-3.032,0.36718,0.55832,0.0,0.0,0.293526,0,0,0,0,shape 0.37 | unc 0.56 | vru 0.00 → s_obj 0.294
scene_006_f0001,1,cluster+det,vehicle,0.6671,20.29,246,4.23,2.11,1.53,18.93,-7.28,0.96,2.884,0.38509,0.60624,0.0,0.0,0.380631,0,0,0,0,shape 0.39 | unc 0.61 | vru 0.00 → s_obj 0.381
scene_006_f0001,2,cluster+det,vehicle,0.498,37.39,86,4.33,2.26,1.4,36.59,-7.72,0.9,2.954,0.37855,0.71622,0.333,0.0,0.606801,1,0,0,0,xa 37.4 m; shape 0.38 | unc 0.72 | vru 0.00 → s_obj 0.607
scene_006_f0001,3,cluster+det,vehicle,0.5043,41.12,76,4.24,1.95,1.63,41.0,3.15,0.93,-3.083,0.37064,0.46781,0.333,0.0,0.496572,1,0,0,0,xa 41.1 m; shape 0.37 | unc 0.47 | vru 0.00 → s_obj 0.497
scene_006_f0002,0,cluster+det,vehicle,0.6988,16.57,269,4.28,2.01,1.4,14.91,-7.23,0.97,2.995,0.36833,0.73264,0.0,0.0,0.376659,0,0,0,0,shape 0.37 | unc 0.73 | vru 0.00 → s_obj 0.377
scene_006_f0002,1,cluster+det,vehicle,0.6881,18.9,260,4.25,1.93,1.43,18.42,4.25,0.94,-2.997,0.35181,0.65408,0.0,0.0,0.242329,0,0,0,0,shape 0.35 | unc 0.65 | vru 0.00 → s_obj 0.242
scene_006_f0002,2,cluster+det,vehicle,0.5472,37.27,95,4.25,1.91,1.6,37.12,3.29,0.83,3.071,0.37965,0.44885,0.333,0.0,0.534494,1,0,0,0,xa 37.3 m; shape 0.38 | unc 0.45 | vru 0.00 → s_obj 0.534
scene_006_f0002,3,cluster+det,vehicle,0.5591,33.53,105,4.22,1.9,1.38,32.57,-7.96,0.9,3.13,0.34173,0.5869,0.333,0.0,0.367737,1,0,0,0,xa 33.5 m; shape 0.34 | unc 0.59 | vru 0.00 → s_obj 0.368
scene_006_f0003,0,cluster+det,vehicle,0.7332,14.86,305,4.32,1.99,1.56,14.23,4.29,0.95,-2.983,0.37109,0.48422,0.0,0.0,0.309902,0,0,0,0,shape 0.37 | unc 0.48 | vru 0.00 → s_obj 0.310
scene_006_f0003,1,cluster+det,vehicle,0.5985,29.69,128,4.25,1.96,1.45,28.63,-7.86,0.96,-3.115,0.35806,0.58642,0.0,0.0,0.25,0,0,0,0,shape 0.36 | unc 0.59 | vru 0.00 → s_obj 0.250
scene_006_f0003,2,cluster+det,vehicle,0.7427,13.18,384,4.29,1.92,1.45,10.95,-7.34,0.93,2.93,0.36054,0.59601,0.0,0.0,0.26741,0,0,0,0,shape 0.36 | unc 0.60 | vru 0.00 → s_obj 0.267
scene_006_f0003,3,cluster+det,vehicle,0.5575,33.11,112,4.29,1.98,1.34,32.96,3.16,1.01,3.132,0.38798,0.71973,0.333,0.0,0.634276,1,0,0,0,xa 33.1 m; shape 0.39 | unc 0.72 | vru 0.00 → s_obj 0.634
scene_006_f0004,0,cluster+det,vehicle,0.748,11.2,403,4.33,2.02,1.41,10.35,4.28,0.93,-2.99,0.37133,0.70685,0.0,0.0,0.380033,0,0,0,0,shape 0.37 | unc 0.71 | vru 0.00 → s_obj 0.380
scene_006_f0004,1,cluster+det,vehicle,0.5985,29.01,167,4.18,2.08,1.49,28.84,3.15,0.95,-3.039,0.37198,0.67494,0.0,0.0,0.368226,0,0,0,0,shape 0.37 | unc 0.67 | vru 0.00 → s_obj 0.368
scene_006_f0004,2,cluster+det,vehicle,0.7631,10.08,403,4.32,1.97,1.41,6.94,-7.32,0.91,2.919,0.36463,0.65751,0.0,0.0,0.312731,0,0,0,0,shape 0.36 | unc 0.66 | vru 0.00 → s_obj 0.313
scene_006_f0004,3,cluster+det,vehicle,0.6217,25.87,184,4.26,1.98,1.38,24.65,-7.84,0.96,-3.103,0.35792,0.62967,0.0,0.0,0.263928,0,0,0,0,shape 0.36 | unc 0.63 | vru 0.00 → s_obj 0.264
scene_006_f0004,4,cluster+det,vehicle,0.434,46.6,66,3.95,2.07,1.5,45.88,8.16,0.96,3.011,0.38337,0.83833,0.333,0.0,0.655332,1,0,0,0,xa 46.6 m; shape 0.38 | unc 0.84 | vru 0.00 → s_obj 0.655
scene_006_f0005,0,cluster+det,vehicle,0.7881,7.71,494,4.32,1.95,1.41,6.41,4.29,0.96,-2.987,0.38902,0.64713,0.0,0.0,0.40555,0,0,0,0,shape 0.39 | unc 0.65 | vru 0.00 → s_obj 0.406
scene_006_f0005,1,cluster+det,vehicle,0.6287,25.06,174,4.24,1.95,1.37,24.86,3.2,0.92,-3.083,0.34531,0.68435,0.0,0.0,0.23025,0,0,0,0,shape 0.35 | unc 0.68 | vru 0.00 → s_obj 0.230
scene_006_f0005,2,cluster+det,vehicle,0.7972,7.85,501,4.3,1.94,1.48,2.99,-7.26,0.9,2.947,0.38035,0.53628,0.0,0.0,0.353156,0,0,0,0,shape 0.38 | unc 0.54 | vru 0.00 → s_obj 0.353
scene_006_f0005,3,cluster+det,vehicle,0.6647,22.05,228,4.26,1.87,1.44,20.62,-7.82,0.89,3.139,0.36718,0.63268,0.0,0.0,0.316159,0,0,0,0,shape 0.37 | unc 0.63 | vru 0.00 → s_obj 0.316
scene_006_f0005,4,cluster+det,vehicle,0.4777,42.52,80,4.16,2.0,1.37,41.74,8.07,0.97,-3.141,0.35681,0.72722,0.333,0.0,0.500218,1,0,0,0,xa 42.5 m; shape 0.36 | unc 0.73 | vru 0.00 → s_obj 0.500
scene_006_f0006,0,cluster+det,vehicle,0.7814,7.35,517,4.3,2.01,1.38,-1.08,-7.27,0.92,2.993,0.38783,0.70636,0.0,0.0,0.434657,0,0,0,0,shape 0.39 | unc 0.71 | vru 0.00 → s_obj 0.435
scene_006_f0006,1,cluster+det,vehicle,0.6607,21.16,231,4.32,2.02,1.41,20.92,3.18,0.95,3.125,0.36532,0.71647,0.0,0.0,0.354081,0,0,0,0,shape 0.37 | unc 0.72 | vru 0.00 → s_obj 0.354
scene_006_f0006,2,cluster+det,vehicle,0.8263,4.92,563,4.27,1.99,1.52,2.4,4.3,0.95,-3.022,0.40702,0.55086,0.0,0.0,0.399075,0,0,0,0,shape 0.41 | unc 0.55 | vru 0.00 → s_obj 0.399
scene_006_f0006,3,cluster+det,vehicle,0.4955,38.99,82,4.33,2.17,1.47,38.13,8.13,0.98,-3.061,0.38164,0.88838,0.333,0.0,0.661534,1,0,0,0,xa 39.0 m; shape 0.38 | unc 0.89 | vru 0.00 → s_obj 0.662
scene_006_f0006,4,cluster+det,vehicle,0.6778,18.39,269,4.36,2.01,1.35,16.62,-7.89,0.92,3.075,0.34677,0.77806,0.0,0.0,0.273885,0,0,0,0,shape 0.35 | unc 0.78 | vru 0.00 → s_obj 0.274
scene_006_f0007,0,cluster+det,vehicle,0.8174,4.62,579,4.3,1.9,1.39,-1.65,4.32,0.9,-3.009,0.40849,0.59416,0.0,0.0,0.410936,0,0,0,0,shape 0.41 | unc 0.59 | vru 0.00 → s_obj 0.411
scene_006_f0007,1,cluster+det,vehicle,0.7217,14.89,306,4.34,2.05,1.52,12.63,-7.87,0.92,-3.086,0.3576,0.64907,0.0,0.0,0.271273,0,0,0,0,shape 0.36 | unc 0.65 | vru 0.00 → s_obj 0.271
scene_006_f0007,2,cluster+det,vehicle,0.7017,17.17,270,4.35,1.95,1.43,16.89,3.08,0.91,3.131,0.3735,0.58654,0.0,0.0,0.338139,0,0,0,0,shape 0.37 | unc 0.59 | vru 0.00 → s_obj 0.338
scene_006_f0007,3,cluster+det,vehicle,0.5415,34.8,108,4.13,1.84,1.3,33.86,8.04,0.84,3.107,0.36193,0.82234,0.333,0.0,0.554625,1,0,0,0,xa 34.8 m; shape 0.36 | unc 0.82 | vru 0.00 → s_obj 0.555
scene_006_f0008,0,cluster+det,vehicle,0.7371,13.28,345,4.28,2.02,1.49,12.9,3.16,0.91,-3.078,0.36752,0.5577,0.0,0.0,0.297388,0,0,0,0,shape 0.37 | unc 0.56 | vru 0.00 → s_obj 0.297
scene_006_f0008,1,cluster+det,vehicle,0.5925,30.85,158,4.23,1.9,1.43,29.79,8.0,0.91,-3.137,0.34564,0.67365,0.333,0.0,0.4142,1,0,0,0,xa 30.8 m; shape 0.35 | unc 0.67 | vru 0.00 → s_obj 0.414
scene_006_f0008,2,cluster+det,vehicle,0.7502,11.63,363,4.32,1.93,1.4,8.54,-7.89,0.95,3.124,0.36061,0.6076,0.0,0.0,0.2716,0,0,0,0,shape 0.36 | unc 0.61 | vru 0.00 → s_obj 0.272
scene_006_f0009,0,cluster+det,vehicle,0.7727,9.37,449,4.26,1.96,1.43,8.84,3.11,0.97,-3.12,0.38738,0.61506,0.0,0.0,0.389663,0,0,0,0,shape 0.39 | unc 0.62 | vru 0.00 → s_obj 0.390
scene_006_f0009,1,cluster+det,vehicle,0.6191,27.23,169,4.3,1.97,1.45,26.0,8.09,0.93,-3.107,0.34889,0.65189,0.0,0.0,0.227476,0,0,0,0,shape 0.35 | unc 0.65 | vru 0.00 → s_obj 0.227
scene_006_f0009,2,cluster+det,vehicle,0.7759,9.07,451,4.31,1.92,1.41,4.54,-7.85,0.91,-3.136,0.36829,0.62249,0.0,0.0,0.320892,0,0,0,0,shape 0.37 | unc 0.62 | vru 0.00 → s_obj 0.321
scene_006_f0010,0,cluster+det,vehicle,0.6507,23.21,209,4.27,1.88,1.41,21.79,7.99,0.91,3.119,0.35182,0.61053,0.0,0.0,0.225082,0,0,0,0,shape 0.35 | unc 0.61 | vru 0.00 → s_obj 0.225
scene_006_f0010,1,cluster+det,vehicle,0.7942,7.91,473,4.25,1.94,1.47,0.59,-7.89,0.94,-3.127,0.37181,0.59883,0.0,0.0,0.332971,0,0,0,0,shape 0.37 | unc 0.60 | vru 0.00 → s_obj 0.333
scene_006_f0010,2,cluster+det,vehicle,0.8103,5.87,489,4.28,1.93,1.43,4.94,3.17,0.91,-3.107,0.37009,0.60473,0.0,0.0,0.326387,0,0,0,0,shape 0.37 | unc 0.60 | vru 0.00 → s_obj 0.326
scene_006_f0011,0,cluster+det,vehicle,0.6754,19.49,268,4.34,2.08,1.49,17.74,8.05,0.99,-3.103,0.37547,0.65471,0.0,0.0,0.372905,0,0,0,0,shape 0.38 | unc 0.65 | vru 0.00 → s_obj 0.373
scene_006_f0011,1,cluster+det,vehicle,0.7832,8.56,410,4.34,1.98,1.46,-3.32,-7.89,0.92,3.097,0.36479,0.62421,0.0,0.0,0.300979,0,0,0,0,shape 0.36 | unc 0.62 | vru 0.00 → s_obj 0.301
scene_006_f0011,2,cluster+det,vehicle,0.8332,3.25,632,4.28,1.9,1.4,0.9,3.12,0.94,-3.118,0.42402,0.63691,0.0,0.0,0.434766,0,0,0,0,shape 0.42 | unc 0.64 | vru 0.00 → s_obj 0.435
scene_006_f0011,3,cluster+det,other,0.3607,46.45,44,3.7,2.27,1.24,45.79,7.76,0.93,3.049,0.40618,1.0,0.333,0.0,0.716921,1,0,0,0,xa 46.4 m; shape 0.41 | unc 1.00 | vru 0.00 → s_obj 0.717
scene_006_f0012,0,cluster+det,vehicle,0.8243,4.48,549,4.27,1.99,1.47,-3.17,3.16,0.95,-3.095,0.38581,0.66441,0.0,0.0,0.407617,0,0,0,0,shape 0.39 | unc 0.66 | vru 0.00 → s_obj 0.408
scene_006_f0012,1,cluster+det,vehicle,0.726,15.96,296,4.24,1.94,1.55,13.81,8.0,0.94,-3.123,0.36479,0.51839,0.0,0.0,0.275734,0,0,0,0,shape 0.36 | unc 0.52 | vru 0.00 → s_obj 0.276
scene_006_f0012,2,cluster+det,vehicle,0.4434,44.69,59,4.3,1.79,1.42,44.52,3.88,0.95,2.966,0.36968,0.50774,0.333,0.0,0.49445,1,0,0,0,xa 44.7 m; shape 0.37 | unc 0.51 | vru 0.00 → s_obj 0.494
scene_006_f0012,3,cluster+det,vehicle,0.4565,42.62,67,4.07,1.97,1.34,41.91,7.76,1.02,-3.108,0.37252,0.77663,0.333,0.0,0.604679,1,0,0,0,xa 42.6 m; shape 0.37 | unc 0.78 | vru 0.00 → s_obj 0.605
scene_006_f0013,0,cluster+det,vehicle,0.7379,12.59,375,4.29,1.94,1.38,9.74,7.98,0.94,3.125,0.35727,0.6538,0.0,0.0,0.271491,0,0,0,0,shape 0.36 | unc 0.65 | vru 0.00 → s_obj 0.271
scene_006_f0013,1,cluster+det,vehicle,0.5003,40.53,78,4.2,1.99,1.51,40.35,3.76,0.98,3.048,0.36659,0.73357,0.333,0.0,0.557236,1,0,0,0,xa 40.5 m; shape 0.37 | unc 0.73 | vru 0.00 → s_obj 0.557
scene_006_f0013,2,cluster+det,vehicle,0.5075,38.67,76,4.07,1.88,1.47,37.91,7.63,0.93,-3.041,0.3554,0.73892,0.333,0.0,0.497334,1,0,0,0,xa 38.7 m; shape 0.36 | unc 0.74 | vru 0.00 → s_obj 0.497
scene_006_f0014,0,cluster+det,vehicle,0.5322,36.57,84,4.24,1.94,1.47,36.37,3.77,0.91,2.933,0.35836,0.7817,0.333,0.0,0.526823,1,0,0,0,xa 36.6 m; shape 0.36 | unc 0.78 | vru 0.00 → s_obj 0.527
scene_006_f0014,1,cluster+det,vehicle,0.7703,9.91,436,4.25,1.92,1.43,5.77,8.06,0.96,3.129,0.3764,0.66114,0.0,0.0,0.379053,0,0,0,0,shape 0.38 | unc 0.66 | vru 0.00 → s_obj 0.379
scene_006_f0014,2,cluster+det,vehicle,0.4233,47.69,58,4.28,1.99,1.45,47.6,3.0,0.92,-2.954,0.35598,0.5468,0.333,0.0,0.421382,1,0,0,0,xa 47.7 m; shape 0.36 | unc 0.55 | vru 0.00 → s_obj 0.421
scene_006_f0014,3,cluster+det,vehicle,0.5498,34.8,115,4.18,1.98,1.38,33.94,7.66,0.94,-3.053,0.34374,0.64001,0.333,0.0,0.391404,1,0,0,0,xa 34.8 m; shape 0.34 | unc 0.64 | vru 0.00 → s_obj 0.391
scene_006_f0015,0,cluster+det,vehicle,0.4593,44.06,66,4.2,1.98,1.46,43.96,2.97,0.94,-2.974,0.35775,0.82256,0.333,0.0,0.530577,1,0,0,0,xa 44.1 m; shape 0.36 | unc 0.82 | vru 0.00 → s_obj 0.531
scene_006_f0015,1,cluster+det,vehicle,0.7858,8.24,483,4.3,1.99,1.46,1.87,8.02,0.96,3.122,0.39362,0.61737,0.0,0.0,0.402666,0,0,0,0,shape 0.39 | unc 0.62 | vru 0.00 → s_obj 0.403
scene_006_f0015,2,cluster+det,vehicle,0.5924,30.62,141,4.18,1.87,1.43,29.66,7.61,0.91,-3.009,0.34829,0.64164,0.333,0.0,0.410337,1,0,0,0,xa 30.6 m; shape 0.35 | unc 0.64 | vru 0.00 → s_obj 0.410
scene_006_f0015,3,cluster+det,vehicle,0.5679,32.99,114,4.28,1.99,1.44,32.78,3.74,0.86,3.007,0.35099,0.72174,0.333,0.0,0.463493,1,0,0,0,xa 33.0 m; shape 0.35 | unc 0.72 | vru 0.00 → s_obj 0.463
scene_006_f0016,0,cluster+det,vehicle,0.6195,27.17,161,4.28,1.93,1.43,26.07,7.65,0.94,-3.016,0.3782,0.65852,0.0,0.0,0.382155,0,0,0,0,shape 0.38 | unc 0.66 | vru 0.00 → s_obj 0.382
scene_006_f0016,1,cluster+det,vehicle,0.7719,8.28,447,4.26,1.98,1.35,-2.1,8.01,0.96,-3.139,0.38575,0.7452,0.0,0.0,0.447171,0,0,0,0,shape 0.39 | unc 0.75 | vru 0.00 → s_obj 0.447
scene_006_f0016,2,cluster+det,vehicle,0.5956,28.53,146,4.28,2.06,1.39,28.27,3.82,0.92,2.926,0.34284,0.59857,0.0,0.0,0.183896,0,0,0,0,shape 0.34 | unc 0.60 | vru 0.00 → s_obj 0.184
scene_006_f0016,3,cluster+det,vehicle,0.5001,39.86,102,4.17,1.93,1.24,39.75,2.98,0.96,-2.959,0.34849,0.76398,0.333,0.0,0.468553,1,0,0,0,xa 39.9 m; shape 0.35 | unc 0.76 | vru 0.00 → s_obj 0.469
scene_006_f0017,0,cluster+det,vehicle,0.6467,24.64,168,4.23,1.94,1.5,24.34,3.8,0.89,3.003,0.35024,0.56759,0.0,0.0,0.202557,0,0,0,0,shape 0.35 | unc 0.57 | vru 0.00 → s_obj 0.203
scene_006_f0017,1,cluster+det,vehicle,0.6482,23.08,226,4.3,1.92,1.38,21.79,7.6,0.92,-3.018,0.35129,0.6653,0.0,0.0,0.244015,0,0,0,0,shape 0.35 | unc 0.67 | vru 0.00 → s_obj 0.244
scene_006_f0017,2,cluster+det,vehicle,0.5336,35.58,96,4.24,1.96,1.33,35.45,2.99,0.87,-3.059,0.35152,0.74462,0.333,0.0,0.475354,1,0,0,0,xa 35.6 m; shape 0.35 | unc 0.74 | vru 0.00 → s_obj 0.475
scene_006_f0018,0,cluster+det,vehicle,0.656,19.3,252,4.38,2.21,1.42,17.72,7.65,0.97,-3.086,0.3725,0.86595,0.0,0.0,0.433678,0,0,0,0,shape 0.37 | unc 0.87 | vru 0.00 → s_obj 0.434
scene_006_f0018,1,cluster+det,other,0.3687,47.71,47,3.49,1.81,1.37,47.13,-7.43,0.94,-3.043,0.39777,1.0,0.333,0.0,0.710827,1,0,0,0,xa 47.7 m; shape 0.40 | unc 1.00 | vru 0.00 → s_obj 0.711
scene_006_f0018,2,cluster+det,vehicle,0.5718,31.94,121,4.24,2.09,1.49,31.8,2.99,0.97,-3.024,0.35095,0.80853,0.333,0.0,0.490044,1,0,0,0,xa 31.9 m; shape 0.35 | unc 0.81 | vru 0.00 → s_obj 0.490
scene_006_f0018,3,cluster+det,vehicle,0.6672,20.85,226,4.3,1.93,1.39,20.5,3.79,0.98,2.936,0.34855,0.64817,0.0,0.0,0.224864,0,0,0,0,shape 0.35 | unc 0.65 | vru 0.00 → s_obj 0.225
scene_006_f0019,0,cluster+det,vehicle,0.6899,15.82,282,4.31,2.18,1.43,13.85,7.65,0.96,-3.071,0.35235,0.86717,0.0,0.0,0.320076,0,0,0,0,shape 0.35 | unc 0.87 | vru 0.00 → s_obj 0.320
scene_006_f0019,1,cluster+det,vehicle,0.6853,16.86,278,4.31,2.02,1.31,16.44,3.77,0.99,2.935,0.36519,0.78519,0.0,0.0,0.375408,0,0,0,0,shape 0.37 | unc 0.79 | vru 0.00 → s_obj 0.375
scene_006_f0019,2,cluster+det,vehicle,0.6002,27.81,153,4.34,1.97,1.32,27.66,2.87,0.91,-3.132,0.34664,0.76147,0.0,0.0,0.267682,0,0,0,0,shape 0.35 | unc 0.76 | vru 0.00 → s_obj 0.268
scene_006_f0019,3,cluster+det,vehicle,0.4502,44.04,67,4.22,1.84,1.3,43.42,-7.37,0.91,-3.064,0.35851,0.71125,0.333,0.0,0.502285,1,0,0,0,xa 44.0 m; shape 0.36 | unc 0.71 | vru 0.00 → s_obj 0.502
scene_006_f0020,0,cluster+det,vehicle,0.7411,13.04,338,4.29,1.92,1.43,12.47,3.8,0.92,3.001,0.35505,0.64279,0.0,0.0,0.254516,0,0,0,0,shape 0.36 | unc 0.64 | vru 0.00 → s_obj 0.255
scene_006_f0020,1,cluster+det,vehicle,0.7332,12.43,368,4.27,1.88,1.33,9.83,7.61,1.02,-2.998,0.39507,0.6896,0.0,0.0,0.43988,0,0,0,0,shape 0.40 | unc 0.69 | vru 0.00 → s_obj 0.440
scene_006_f0020,2,cluster+det,vehicle,0.6263,23.77,196,4.27,2.05,1.31,23.58,2.98,0.94,3.118,0.35162,0.85784,0.0,0.0,0.313493,0,0,0,0,shape 0.35 | unc 0.86 | vru 0.00 → s_obj 0.313
scene_006_f0020,3,cluster+det,vehicle,0.4908,40.01,89,4.02,2.11,1.37,39.29,-7.54,0.94,3.138,0.38892,0.87586,0.333,0.0,0.675354,1,0,0,0,xa 40.0 m; shape 0.39 | unc 0.88 | vru 0.00 → s_obj 0.675
scene_006_f0021,0,cluster+det,vehicle,0.7745,9.61,422,4.26,2.03,1.52,5.87,7.6,0.93,-2.998,0.38014,0.60965,0.0,0.0,0.369859,0,0,0,0,shape 0.38 | unc 0.61 | vru 0.00 → s_obj 0.370
scene_006_f0021,1,cluster+det,vehicle,0.6731,19.86,282,4.31,1.92,1.37,19.63,2.99,0.96,-3.075,0.34375,0.6382,0.0,0.0,0.200598,0,0,0,0,shape 0.34 | unc 0.64 | vru 0.00 → s_obj 0.201
scene_006_f0021,2,cluster+det,vehicle,0.7751,9.29,433,4.29,2.0,1.46,8.49,3.78,0.98,2.994,0.38744,0.61674,0.0,0.0,0.390533,0,0,0,0,shape 0.39 | unc 0.62 | vru 0.00 → s_obj 0.391
scene_006_f0021,3,cluster+det,vehicle,0.5147,35.97,86,4.09,1.9,1.25,35.21,-7.35,0.89,-3.07,0.35627,0.8418,0.333,0.0,0.52889,1,0,0,0,xa 36.0 m; shape 0.36 | unc 0.84 | vru 0.00 → s_obj 0.529
scene_006_f0022,0,cluster+det,vehicle,0.7783,7.78,455,4.27,1.91,1.34,1.79,7.57,0.92,-2.975,0.37534,0.70657,0.0,0.0,0.399728,0,0,0,0,shape 0.38 | unc 0.71 | vru 0.00 → s_obj 0.400
scene_006_f0022,1,cluster+det,vehicle,0.7244,15.87,293,4.28,1.94,1.52,15.6,2.95,0.93,-3.074,0.35324,0.58124,0.0,0.0,0.222797,0,0,0,0,shape 0.35 | unc 0.58 | vru 0.00 → s_obj 0.223
scene_006_f0022,2,cluster+det,vehicle,0.795,5.85,516,4.32,2.02,1.38,4.48,3.76,0.92,3.037,0.38213,0.76425,0.0,0.0,0.444777,0,0,0,0,shape 0.38 | unc 0.76 | vru 0.00 → s_obj 0.445
scene_006_f0022,3,cluster+det,vehicle,0.5716,32.01,120,4.38,2.1,1.51,31.12,-7.51,0.97,-3.131,0.38021,0.82824,0.333,0.0,0.647225,1,0,0,0,xa 32.0 m; shape 0.38 | unc 0.83 | vru 0.00 → s_obj 0.647
scene_006_f0023,0,cluster+det,vehicle,0.8245,3.77,639,4.29,1.88,1.37,0.54,3.73,0.94,2.978,0.43149,0.72595,0.0,0.0,0.485909,0,0,0,0,shape 0.43 | unc 0.73 | vru 0.00 → s_obj 0.486
scene_006_f0023,1,cluster+det,vehicle,0.7507,11.95,384,4.29,2.08,1.62,11.58,2.96,0.94,-3.08,0.3877,0.55507,0.0,0.0,0.372688,0,0,0,0,shape 0.39 | unc 0.56 | vru 0.00 → s_obj 0.373
scene_006_f0023,2,cluster+det,vehicle,0.7853,7.93,493,4.26,1.93,1.4,-2.18,7.62,0.94,-2.981,0.37193,0.65995,0.0,0.0,0.358977,0,0,0,0,shape 0.37 | unc 0.66 | vru 0.00 → s_obj 0.359
scene_006_f0023,3,cluster+det,vehicle,0.5994,28.0,137,4.29,1.89,1.31,27.0,-7.42,0.97,-3.061,0.34484,0.76618,0.0,0.0,0.262078,0,0,0,0,shape 0.34 | unc 0.77 | vru 0.00 → s_obj 0.262
scene_006_f0024,0,cluster+det,vehicle,0.8083,5.09,551,4.29,1.9,1.36,-3.47,3.73,0.94,2.978,0.40733,0.67698,0.0,0.0,0.446137,0,0,0,0,shape 0.41 | unc 0.68 | vru 0.00 → s_obj 0.446
scene_006_f0024,1,cluster+det,vehicle,0.78,8.15,444,4.29,1.98,1.4,7.57,3.03,0.96,-3.105,0.36998,0.70261,0.0,0.0,0.371491,0,0,0,0,shape 0.37 | unc 0.70 | vru 0.00 → s_obj 0.371
scene_006_f0024,2,cluster+det,vehicle,0.629,24.53,191,4.19,1.98,1.36,23.37,-7.46,0.99,-3.048,0.3719,0.63942,0.0,0.0,0.348096,0,0,0,0,shape 0.37 | unc 0.64 | vru 0.00 → s_obj 0.348
scene_006_f0025,0,cluster+det,vehicle,0.6799,20.5,231,4.25,1.98,1.51,19.1,-7.45,1.0,-3.077,0.36907,0.68861,0.0,0.0,0.359304,0,0,0,0,shape 0.37 | unc 0.69 | vru 0.00 → s_obj 0.359
scene_006_f0025,1,cluster+det,vehicle,0.83,4.67,563,4.3,1.94,1.49,3.62,2.95,0.93,-3.082,0.39595,0.60034,0.0,0.0,0.400326,0,0,0,0,shape 0.40 | unc 0.60 | vru 0.00 → s_obj 0.400
scene_006_f0025,2,cluster+det,vehicle,0.3888,45.13,41,4.18,1.99,1.41,44.95,4.05,1.01,3.069,0.39049,0.79298,0.333,0.0,0.66197,1,0,0,0,xa 45.1 m; shape 0.39 | unc 0.79 | vru 0.00 → s_obj 0.662
scene_006_f0026,0,cluster+det,vehicle,0.8295,2.99,640,4.29,2.01,1.4,-0.25,2.98,0.96,-3.124,0.42753,0.72509,0.0,0.0,0.48259,0,0,0,0,shape 0.43 | unc 0.73 | vru 0.00 → s_obj 0.483
scene_006_f0026,1,cluster+det,vehicle,0.6938,17.05,295,4.29,1.89,1.34,15.31,-7.49,0.96,-3.076,0.3614,0.73404,0.0,0.0,0.337323,0,0,0,0,shape 0.36 | unc 0.73 | vru 0.00 → s_obj 0.337
scene_006_f0026,2,cluster+det,vehicle,0.4939,41.19,79,4.28,1.89,1.41,41.0,3.95,0.96,3.05,0.34272,0.73866,0.333,0.0,0.439336,1,0,0,0,xa 41.2 m; shape 0.34 | unc 0.74 | vru 0.00 → s_obj 0.439
scene_006_f0027,0,cluster+det,vehicle,0.7302,13.44,345,4.3,1.92,1.38,11.23,-7.39,0.96,-3.045,0.35535,0.6889,0.0,0.0,0.281774,0,0,0,0,shape 0.36 | unc 0.69 | vru 0.00 → s_obj 0.282
scene_006_f0027,1,cluster+det,vehicle,0.8182,5.34,547,4.31,1.97,1.47,-4.41,3.01,0.94,-3.069,0.39119,0.62713,0.0,0.0,0.401904,0,0,0,0,shape 0.39 | unc 0.63 | vru 0.00 → s_obj 0.402
scene_006_f0027,2,cluster+det,vehicle,0.5279,37.02,99,4.31,2.03,1.39,36.81,3.88,0.99,3.034,0.37259,0.86844,0.333,0.0,0.625789,1,0,0,0,xa 37.0 m; shape 0.37 | unc 0.87 | vru 0.00 → s_obj 0.626
scene_006_f0028,0,cluster+det,vehicle,0.755,10.36,412,4.2,2.01,1.4,7.18,-7.47,0.99,-3.057,0.36189,0.68915,0.0,0.0,0.317519,0,0,0,0,shape 0.36 | unc 0.69 | vru 0.00 → s_obj 0.318
scene_006_f0028,1,cluster+det,vehicle,0.5481,33.13,98,4.21,1.91,1.29,32.89,3.97,0.98,3.099,0.34311,0.78833,0.333,0.0,0.45555,1,0,0,0,xa 33.1 m; shape 0.34 | unc 0.79 | vru 0.00 → s_obj 0.456
scene_006_f0029,0,cluster+det,vehicle,0.7895,8.18,476,4.33,2.02,1.52,3.26,-7.5,0.94,-3.11,0.39273,0.58112,0.0,0.0,0.387541,0,0,0,0,shape 0.39 | unc 0.58 | vru 0.00 → s_obj 0.388
scene_006_f0029,1,cluster+det,vehicle,0.5994,29.16,132,4.23,1.93,1.41,28.9,3.9,0.97,3.06,0.37981,0.74884,0.0,0.0,0.434712,0,0,0,0,shape 0.38 | unc 0.75 | vru 0.00 → s_obj 0.435
scene_006_f0030,0,cluster+det,vehicle,0.6151,25.05,184,4.28,1.92,1.24,24.76,3.84,1.03,3.078,0.36932,0.83905,0.0,0.0,0.411915,0,0,0,0,shape 0.37 | unc 0.84 | vru 0.00 → s_obj 0.412
scene_006_f0030,1,cluster+det,vehicle,0.7751,7.54,502,4.33,2.13,1.47,-0.81,-7.49,0.95,-3.01,0.38971,0.82467,0.0,0.0,0.478128,0,0,0,0,shape 0.39 | unc 0.82 | vru 0.00 → s_obj 0.478
scene_006_f0031,0,cluster+det,vehicle,0.7729,8.86,470,4.27,1.91,1.37,-4.77,-7.47,0.96,-3.064,0.38917,0.7019,0.0,0.0,0.435038,0,0,0,0,shape 0.39 | unc 0.70 | vru 0.00 → s_obj 0.435
scene_006_f0031,1,cluster+det,vehicle,0.6599,21.19,218,4.3,2.07,1.46,20.81,3.97,0.93,3.013,0.35542,0.60756,0.0,0.0,0.244015,0,0,0,0,shape 0.36 | unc 0.61 | vru 0.00 → s_obj 0.244
scene_006_f0032,0,cluster+det,vehicle,0.7024,17.35,261,4.27,1.98,1.46,16.9,3.94,0.97,3.046,0.3616,0.71303,0.0,0.0,0.32802,0,0,0,0,shape 0.36 | unc 0.71 | vru 0.00 → s_obj 0.328
scene_006_f0033,0,cluster+det,vehicle,0.723,13.39,341,4.27,1.94,1.33,12.81,3.91,0.94,3.074,0.35334,0.68073,0.0,0.0,0.265452,0,0,0,0,shape 0.35 | unc 0.68 | vru 0.00 → s_obj 0.265
scene_006_f0034,0,cluster+det,vehicle,0.7665,9.62,423,4.28,1.95,1.4,8.8,3.9,0.95,3.038,0.363,0.66867,0.0,0.0,0.310773,0,0,0,0,shape 0.36 | unc 0.67 | vru 0.00 → s_obj 0.311
scene_006_f0035,0,cluster+det,vehicle,0.7929,6.27,481,4.29,1.94,1.35,4.86,3.97,0.95,3.038,0.37686,0.72854,0.0,0.0,0.417737,0,0,0,0,shape 0.38 | unc 0.73 | vru 0.00 → s_obj 0.418
scene_006_f0036,0,cluster+det,vehicle,0.8222,4.02,596,4.28,1.9,1.38,0.89,3.92,0.94,3.064,0.41895,0.71254,0.0,0.0,0.472633,0,0,0,0,shape 0.42 | unc 0.71 | vru 0.00 → s_obj 0.473
scene_006_f0037,0,cluster+det,vehicle,0.8077,5.05,597,4.29,1.94,1.36,-3.18,3.92,0.94,3.06,0.41632,0.63663,0.0,0.0,0.430033,0,0,0,0,shape 0.42 | unc 0.64 | vru 0.00 → s_obj 0.430
scene_006_f0039,0,cluster+det,vehicle,0.4185,44.3,55,4.3,1.86,1.23,43.71,-7.21,1.11,2.877,0.38392,0.78919,0.333,0.0,0.645919,1,0,0,0,xa 44.3 m; shape 0.38 | unc 0.79 | vru 0.00 → s_obj 0.646
scene_006_f0040,0,cluster+det,other,0.4403,40.78,61,3.93,1.86,1.16,40.05,-7.65,0.98,2.906,0.38617,0.79358,0.333,0.0,0.652394,1,0,0,0,xa 40.8 m; shape 0.39 | unc 0.79 | vru 0.00 → s_obj 0.652
scene_006_f0041,0,cluster+det,other,0.3645,46.48,45,3.98,1.87,0.98,45.79,7.98,1.03,3.066,0.43988,0.89298,0.333,0.0,0.724429,1,0,0,0,xa 46.5 m; shape 0.44 | unc 0.89 | vru 0.00 → s_obj 0.724
scene_006_f0041,1,cluster+det,other,0.4966,36.62,83,4.06,2.09,1.18,35.87,-7.36,1.0,2.857,0.41417,1.0,0.333,0.0,0.722633,1,0,0,0,xa 36.6 m; shape 0.41 | unc 1.00 | vru 0.00 → s_obj 0.723
scene_006_f0042,0,cluster+det,vehicle,0.5884,32.6,109,4.24,1.86,1.61,31.76,-7.34,0.95,2.912,0.3976,0.48394,0.333,0.0,0.575136,1,0,0,0,xa 32.6 m; shape 0.40 | unc 0.48 | vru 0.00 → s_obj 0.575
scene_006_f0042,1,cluster+det,other,0.4167,42.59,56,4.07,2.04,1.11,41.85,7.91,1.08,2.91,0.40582,1.0,0.333,0.0,0.71654,1,0,0,0,xa 42.6 m; shape 0.41 | unc 1.00 | vru 0.00 → s_obj 0.717
scene_006_f0043,0,cluster+det,vehicle,0.6078,28.81,154,4.17,1.93,1.45,27.83,-7.45,0.97,2.948,0.34604,0.70363,0.0,0.0,0.240207,0,0,0,0,shape 0.35 | unc 0.70 | vru 0.00 → s_obj 0.240
scene_006_f0043,1,cluster+det,vehicle,0.4713,38.95,64,4.08,1.89,1.3,38.13,7.97,0.99,2.969,0.35911,0.80777,0.333,0.0,0.538085,1,0,0,0,xa 39.0 m; shape 0.36 | unc 0.81 | vru 0.00 → s_obj 0.538
scene_006_f0043,2,cluster+det,other,0.2737,45.49,16,2.77,0.55,1.12,44.83,7.75,1.09,-2.627,0.48028,1.0,0.333,1.0,0.866322,1,0,0,0,xa 45.5 m; shape 0.48 | unc 1.00 | vru 1.00 → s_obj 0.866
scene_006_f0043,3,cluster+det,other,0.26,44.44,10,1.15,0.49,1.05,43.62,8.46,0.99,0.414,0.51378,0.0,0.333,1.0,0.739799,1,0,0,0,xa 44.4 m; shape 0.51 | unc 0.00 | vru 1.00 → s_obj 0.740
scene_006_f0043,4,cluster,,,46.67,7,1.39,1.0,0.96,46.12,7.17,1.14,-1.766,0.51571,3.52573,0.667,0.3,0.981828,1,1,0,1,xa 46.7 m; ít điểm (7); model bỏ sót (chỉ cluster bắt được); shape 0.52 | unc 3.53 | vru 0.30 → s_obj 0.982
scene_006_f0044,0,cluster+det,vehicle,0.5539,34.96,110,4.15,1.95,1.44,34.06,7.87,1.03,3.069,0.36461,0.63818,0.333,0.0,0.492873,1,0,0,0,xa 35.0 m; shape 0.36 | unc 0.64 | vru 0.00 → s_obj 0.493
scene_006_f0044,1,cluster+det,vehicle,0.6413,24.95,166,4.25,2.0,1.52,23.83,-7.39,0.94,2.981,0.35171,0.681,0.0,0.0,0.255713,0,0,0,0,shape 0.35 | unc 0.68 | vru 0.00 → s_obj 0.256
scene_006_f0044,2,cluster+det,vehicle,0.4391,41.72,61,3.85,1.94,1.26,40.99,7.77,0.98,2.891,0.35972,1.0,0.333,0.0,0.570675,1,0,0,0,xa 41.7 m; shape 0.36 | unc 1.00 | vru 0.00 → s_obj 0.571
scene_006_f0045,0,cluster+det,vehicle,0.6555,21.12,206,4.3,2.07,1.41,19.78,-7.41,0.98,3.039,0.35384,0.75787,0.0,0.0,0.303047,0,0,0,0,shape 0.35 | unc 0.76 | vru 0.00 → s_obj 0.303
scene_006_f0045,1,cluster+det,vehicle,0.5213,37.35,85,4.3,1.99,1.42,36.54,7.73,0.96,2.869,0.34145,0.63718,0.333,0.0,0.383841,1,0,0,0,xa 37.4 m; shape 0.34 | unc 0.64 | vru 0.00 → s_obj 0.384
scene_006_f0045,2,cluster+det,vehicle,0.5753,30.91,126,4.23,1.9,1.31,29.88,7.93,0.97,2.987,0.35092,0.65931,0.333,0.0,0.428128,1,0,0,0,xa 30.9 m; shape 0.35 | unc 0.66 | vru 0.00 → s_obj 0.428
scene_006_f0045,3,cluster,,,42.02,6,0.31,0.22,0.73,40.38,-11.6,1.36,-1.756,0.63363,3.52573,0.667,0.3,1.0,1,1,0,1,xa 42.0 m; ít điểm (6); model bỏ sót (chỉ cluster bắt được); shape 0.63 | unc 3.53 | vru 0.30 → s_obj 1.000
scene_006_f0045,4,cluster,,,47.24,7,0.61,0.39,1.01,47.11,3.51,1.03,1.241,0.52802,3.52573,0.667,0.3,0.983732,1,1,0,1,xa 47.2 m; ít điểm (7); model bỏ sót (chỉ cluster bắt được); shape 0.53 | unc 3.53 | vru 0.30 → s_obj 0.984
scene_006_f0046,0,cluster+det,vehicle,0.6303,27.05,166,4.22,1.9,1.52,25.86,7.94,1.03,3.01,0.36517,0.48647,0.0,0.0,0.276931,0,0,0,0,shape 0.37 | unc 0.49 | vru 0.00 → s_obj 0.277
scene_006_f0046,1,cluster+det,vehicle,0.679,17.53,278,4.27,2.05,1.33,15.91,-7.35,0.97,2.926,0.35289,0.85109,0.0,0.0,0.320239,0,0,0,0,shape 0.35 | unc 0.85 | vru 0.00 → s_obj 0.320
scene_006_f0046,2,cluster+det,vehicle,0.5523,33.49,97,4.29,1.9,1.35,32.6,7.68,1.03,3.069,0.37491,0.71829,0.333,0.0,0.595158,1,0,0,0,xa 33.5 m; shape 0.37 | unc 0.72 | vru 0.00 → s_obj 0.595
scene_006_f0046,3,cluster+det,other,0.2671,38.15,9,0.42,0.41,0.73,36.37,-11.51,0.9,-3.103,0.58094,1.0,0.667,0.3,1.0,1,1,0,0,xa 38.1 m; ít điểm (9); shape 0.58 | unc 1.00 | vru 0.30 → s_obj 1.000
scene_006_f0046,4,cluster+det,other,0.2786,43.33,14,1.3,0.4,1.06,43.18,3.6,0.92,-3.074,0.48742,0.89259,0.333,1.0,0.854625,1,0,0,0,xa 43.3 m; shape 0.49 | unc 0.89 | vru 1.00 → s_obj 0.855
scene_006_f0047,0,cluster+det,vehicle,0.6606,23.29,209,4.32,1.96,1.54,21.92,7.86,0.99,3.02,0.38344,0.50869,0.0,0.0,0.356801,0,0,0,0,shape 0.38 | unc 0.51 | vru 0.00 → s_obj 0.357
scene_006_f0047,1,cluster+det,other,0.3391,46.78,36,3.51,1.95,1.34,46.15,7.69,1.01,2.878,0.41734,0.59826,0.333,0.0,0.608705,1,0,0,0,xa 46.8 m; shape 0.42 | unc 0.60 | vru 0.00 → s_obj 0.609
scene_006_f0047,2,cluster+det,vehicle,0.7309,13.94,357,4.26,2.0,1.46,11.82,-7.39,0.92,2.988,0.35511,0.5896,0.0,0.0,0.236181,0,0,0,0,shape 0.36 | unc 0.59 | vru 0.00 → s_obj 0.236
scene_006_f0047,3,cluster+det,other,0.3085,34.39,14,0.41,0.3,1.2,32.38,-11.59,0.82,0.811,0.61357,1.0,0.333,1.0,0.934494,1,0,0,0,xa 34.4 m; shape 0.61 | unc 1.00 | vru 1.00 → s_obj 0.934
scene_006_f0047,4,cluster+det,other,0.2511,40.02,6,0.34,0.18,0.82,39.86,3.6,0.83,1.74,0.61371,1.0,0.667,0.3,1.0,1,1,0,0,xa 40.0 m; ít điểm (6); shape 0.61 | unc 1.00 | vru 0.30 → s_obj 1.000
scene_006_f0047,5,cluster+det,vehicle,0.5875,29.77,150,4.29,1.89,1.32,28.78,7.65,1.0,2.942,0.35823,0.76862,0.0,0.0,0.330196,0,0,0,0,shape 0.36 | unc 0.77 | vru 0.00 → s_obj 0.330
scene_006_f0048,0,cluster+det,vehicle,0.7477,10.84,423,4.29,1.89,1.33,7.91,-7.41,0.99,2.984,0.38663,0.70214,0.0,0.0,0.428292,0,0,0,0,shape 0.39 | unc 0.70 | vru 0.00 → s_obj 0.428
scene_006_f0048,1,cluster+det,vehicle,0.6776,19.58,235,4.26,2.07,1.51,17.93,7.88,0.99,3.013,0.371,0.68904,0.0,0.0,0.369532,0,0,0,0,shape 0.37 | unc 0.69 | vru 0.00 → s_obj 0.370
scene_006_f0048,2,cluster+det,vehicle,0.45,42.45,62,4.22,1.89,1.3,41.74,7.7,1.03,2.987,0.38774,0.84899,0.333,0.0,0.668716,1,0,0,0,xa 42.4 m; shape 0.39 | unc 0.85 | vru 0.00 → s_obj 0.669
scene_006_f0048,3,cluster+det,vehicle,0.6276,25.8,171,4.28,1.9,1.39,24.63,7.66,0.94,2.971,0.34425,0.66121,0.0,0.0,0.212405,0,0,0,0,shape 0.34 | unc 0.66 | vru 0.00 → s_obj 0.212
scene_006_f0048,4,cluster+det,bicycle,0.271,45.19,12,1.59,0.61,0.98,45.06,3.54,0.87,-3.137,0.45422,0.90696,0.667,1.0,0.957889,1,0,1,0,xa 45.2 m; model nhầm lẫn lớp; lớp hiếm: bicycle; shape 0.45 | unc 0.91 | vru 1.00 → s_obj 0.958
scene_006_f0048,5,cluster+det,bicycle,0.338,35.13,20,1.67,0.48,1.0,34.95,3.55,0.96,-3.089,0.46031,0.93747,0.667,1.0,0.965288,1,0,1,0,xa 35.1 m; model nhầm lẫn lớp; lớp hiếm: bicycle; shape 0.46 | unc 0.94 | vru 1.00 → s_obj 0.965
scene_006_f0048,6,cluster+det,pedestrian,0.3376,30.57,14,0.52,0.34,1.36,28.3,-11.55,0.91,0.799,0.57576,0.86983,0.667,1.0,1.0,1,0,1,0,xa 30.6 m; model nhầm lẫn lớp; shape 0.58 | unc 0.87 | vru 1.00 → s_obj 1.000
scene_006_f0049,0,cluster+det,vehicle,0.7815,8.38,459,4.28,1.92,1.4,3.92,-7.41,0.96,3.004,0.36462,0.60865,0.0,0.0,0.292274,0,0,0,0,shape 0.36 | unc 0.61 | vru 0.00 → s_obj 0.292
scene_006_f0049,1,cluster+det,vehicle,0.656,22.04,204,4.26,2.07,1.49,20.67,7.66,0.95,2.963,0.35846,0.60892,0.0,0.0,0.262514,0,0,0,0,shape 0.36 | unc 0.61 | vru 0.00 → s_obj 0.263
scene_006_f0049,2,cluster+det,pedestrian,0.421,26.94,30,0.55,0.55,1.24,24.35,-11.52,1.03,0.46,0.56774,0.88295,0.333,1.0,0.887922,0,0,1,0,model nhầm lẫn lớp; shape 0.57 | unc 0.88 | vru 1.00 → s_obj 0.888
scene_006_f0049,3,cluster+det,vehicle,0.7019,16.03,272,4.29,1.9,1.34,13.95,7.9,0.93,3.015,0.35815,0.72105,0.0,0.0,0.314309,0,0,0,0,shape 0.36 | unc 0.72 | vru 0.00 → s_obj 0.314
scene_006_f0049,4,cluster+det,vehicle,0.4704,38.24,62,4.22,1.8,1.26,37.49,7.56,1.09,2.962,0.39216,0.77889,0.333,0.0,0.660174,1,0,0,0,xa 38.2 m; shape 0.39 | unc 0.78 | vru 0.00 → s_obj 0.660
scene_006_f0049,5,cluster+det,bicycle,0.3326,31.52,14,1.46,0.48,1.08,31.32,3.62,0.83,-2.967,0.47705,1.0,0.667,1.0,0.983134,1,0,1,0,xa 31.5 m; model nhầm lẫn lớp; lớp hiếm: bicycle; shape 0.48 | unc 1.00 | vru 1.00 → s_obj 0.983
scene_006_f0049,6,cluster+det,other,0.2635,41.13,10,1.37,0.65,0.71,40.98,3.5,1.17,-2.743,0.49121,1.0,0.333,1.0,0.870131,1,0,0,0,xa 41.1 m; shape 0.49 | unc 1.00 | vru 1.00 → s_obj 0.870
scene_007_f0000,0,cluster+det,vehicle,0.6881,19.19,245,4.29,2.02,1.53,18.85,-3.6,0.93,-3.111,0.36356,0.58317,0.0,0.0,0.27889,0,0,0,0,shape 0.36 | unc 0.58 | vru 0.00 → s_obj 0.279
scene_007_f0000,1,cluster+det,pedestrian,0.4125,26.98,25,0.6,0.57,1.36,24.82,10.57,0.95,-0.082,0.54581,0.86682,0.333,1.0,0.865941,0,0,1,0,model nhầm lẫn lớp; shape 0.55 | unc 0.87 | vru 1.00 → s_obj 0.866
scene_007_f0001,0,cluster+det,pedestrian,0.4353,23.35,27,0.47,0.43,1.37,20.82,10.58,0.89,-0.197,0.5825,0.8132,0.333,1.0,0.887432,0,0,1,0,model nhầm lẫn lớp; shape 0.58 | unc 0.81 | vru 1.00 → s_obj 0.887
scene_007_f0001,1,cluster+det,vehicle,0.7248,15.32,290,4.26,1.99,1.52,14.9,-3.55,0.92,3.104,0.35147,0.53962,0.0,0.0,0.202503,0,0,0,0,shape 0.35 | unc 0.54 | vru 0.00 → s_obj 0.203
scene_007_f0001,2,cluster+det,vehicle,0.4313,45.92,51,4.28,1.94,1.66,45.82,3.04,0.88,3.055,0.40663,0.66588,0.333,0.0,0.629325,1,0,0,0,xa 45.9 m; shape 0.41 | unc 0.67 | vru 0.00 → s_obj 0.629
scene_007_f0002,0,cluster+det,vehicle,0.7497,11.55,440,4.26,1.97,1.41,10.98,-3.59,0.93,3.096,0.36349,0.64749,0.0,0.0,0.302448,0,0,0,0,shape 0.36 | unc 0.65 | vru 0.00 → s_obj 0.302
scene_007_f0002,1,cluster+det,vehicle,0.4799,42.07,77,4.33,1.93,1.36,41.96,3.07,0.93,2.914,0.37135,0.69801,0.333,0.0,0.565071,1,0,0,0,xa 42.1 m; shape 0.37 | unc 0.70 | vru 0.00 → s_obj 0.565
scene_007_f0002,2,cluster+det,pedestrian,0.5036,19.86,35,0.58,0.51,1.41,16.8,10.59,0.96,2.142,0.53999,0.71708,0.0,1.0,0.633079,0,0,0,0,shape 0.54 | unc 0.72 | vru 1.00 → s_obj 0.633
scene_007_f0003,0,cluster+det,vehicle,0.7889,7.8,425,4.28,2.04,1.51,6.92,-3.6,0.93,3.117,0.37267,0.55856,0.0,0.0,0.328346,0,0,0,0,shape 0.37 | unc 0.56 | vru 0.00 → s_obj 0.328
scene_007_f0003,1,cluster+det,pedestrian,0.5691,16.62,43,0.59,0.55,1.45,12.81,10.58,0.96,0.429,0.5622,0.62468,0.0,1.0,0.600762,0,0,0,0,shape 0.56 | unc 0.62 | vru 1.00 → s_obj 0.601
scene_007_f0003,2,cluster+det,vehicle,0.5335,38.14,101,4.29,1.95,1.47,38.03,2.92,0.99,3.02,0.36874,0.62345,0.333,0.0,0.515016,1,0,0,0,xa 38.1 m; shape 0.37 | unc 0.62 | vru 0.00 → s_obj 0.515
scene_007_f0004,0,cluster+det,vehicle,0.8284,4.59,527,4.28,1.95,1.48,2.87,-3.58,0.91,-3.139,0.37955,0.57009,0.0,0.0,0.355658,0,0,0,0,shape 0.38 | unc 0.57 | vru 0.00 → s_obj 0.356
scene_007_f0004,1,cluster+det,vehicle,0.4445,44.9,59,4.06,1.94,1.54,44.32,7.21,0.91,2.956,0.38262,0.61555,0.333,0.0,0.569695,1,0,0,0,xa 44.9 m; shape 0.38 | unc 0.62 | vru 0.00 → s_obj 0.570
scene_007_f0004,2,cluster+det,vehicle,0.5703,33.97,128,4.32,1.95,1.48,33.84,2.98,0.96,2.844,0.39266,0.53984,0.333,0.0,0.569369,1,0,0,0,xa 34.0 m; shape 0.39 | unc 0.54 | vru 0.00 → s_obj 0.569
scene_007_f0004,3,cluster+det,pedestrian,0.6827,13.74,71,0.61,0.53,1.47,8.8,10.56,1.0,1.952,0.5883,0.62354,0.0,1.0,0.623123,0,0,0,0,shape 0.59 | unc 0.62 | vru 1.00 → s_obj 0.623
scene_007_f0005,0,cluster+det,vehicle,0.8249,3.74,573,4.29,1.98,1.41,-1.1,-3.57,0.9,-3.114,0.39674,0.67742,0.0,0.0,0.436888,0,0,0,0,shape 0.40 | unc 0.68 | vru 0.00 → s_obj 0.437
scene_007_f0005,1,cluster+det,vehicle,0.602,30.35,135,4.16,1.88,1.52,30.2,2.96,0.97,2.974,0.36583,0.54856,0.333,0.0,0.476007,1,0,0,0,xa 30.3 m; shape 0.37 | unc 0.55 | vru 0.00 → s_obj 0.476
scene_007_f0005,2,cluster+det,pedestrian,0.6602,11.6,56,0.58,0.54,1.47,4.82,10.55,0.98,1.343,0.57461,0.61111,0.0,1.0,0.607889,0,0,0,0,shape 0.57 | unc 0.61 | vru 1.00 → s_obj 0.608
scene_007_f0005,3,cluster+det,vehicle,0.4456,41.02,61,4.28,2.16,1.33,40.39,7.13,0.93,2.871,0.36841,0.50203,0.333,0.0,0.486126,1,0,0,0,xa 41.0 m; shape 0.37 | unc 0.50 | vru 0.00 → s_obj 0.486
scene_007_f0006,0,cluster+det,vehicle,0.5341,36.87,98,4.18,2.09,1.56,36.17,7.12,0.97,2.901,0.39313,0.56748,0.333,0.0,0.575571,1,0,0,0,xa 36.9 m; shape 0.39 | unc 0.57 | vru 0.00 → s_obj 0.576
scene_007_f0006,1,cluster+det,vehicle,0.623,26.24,177,4.28,1.92,1.39,26.06,3.07,0.94,2.976,0.34614,0.65139,0.0,0.0,0.21284,0,0,0,0,shape 0.35 | unc 0.65 | vru 0.00 → s_obj 0.213
scene_007_f0006,2,cluster+det,pedestrian,0.6262,10.61,47,0.57,0.55,1.42,0.79,10.58,1.02,0.325,0.55765,0.68577,0.0,1.0,0.628237,0,0,0,0,shape 0.56 | unc 0.69 | vru 1.00 → s_obj 0.628
scene_007_f0007,0,cluster+det,vehicle,0.6545,22.3,206,4.28,1.99,1.42,22.09,3.04,0.93,2.968,0.3469,0.63757,0.0,0.0,0.211153,0,0,0,0,shape 0.35 | unc 0.64 | vru 0.00 → s_obj 0.211
scene_007_f0007,1,cluster+det,vehicle,0.5643,32.96,103,4.32,1.91,1.4,32.17,7.16,0.94,2.985,0.35291,0.74711,0.333,0.0,0.486725,1,0,0,0,xa 33.0 m; shape 0.35 | unc 0.75 | vru 0.00 → s_obj 0.487
scene_007_f0007,2,cluster+det,vehicle,0.4786,44.43,79,4.16,1.93,1.49,43.79,7.55,0.92,3.086,0.35274,0.56962,0.333,0.0,0.407617,1,0,0,0,xa 44.4 m; shape 0.35 | unc 0.57 | vru 0.00 → s_obj 0.408
scene_007_f0007,3,cluster+det,pedestrian,0.6248,11.03,47,0.54,0.5,1.45,-3.16,10.57,0.98,0.497,0.55594,0.78106,0.0,1.0,0.663765,0,0,0,0,shape 0.56 | unc 0.78 | vru 1.00 → s_obj 0.664
scene_007_f0008,0,cluster+det,vehicle,0.6032,29.18,127,4.22,2.01,1.51,28.28,7.17,0.98,2.937,0.37979,0.51138,0.0,0.0,0.347824,0,0,0,0,shape 0.38 | unc 0.51 | vru 0.00 → s_obj 0.348
scene_007_f0008,1,cluster+det,vehicle,0.6904,18.42,289,4.29,1.93,1.41,18.18,2.95,0.9,2.958,0.34509,0.58094,0.0,0.0,0.182862,0,0,0,0,shape 0.35 | unc 0.58 | vru 0.00 → s_obj 0.183
scene_007_f0008,2,cluster+det,vehicle,0.4839,40.66,69,4.21,1.9,1.42,39.97,7.48,0.88,3.08,0.34837,0.58674,0.333,0.0,0.390805,1,0,0,0,xa 40.7 m; shape 0.35 | unc 0.59 | vru 0.00 → s_obj 0.391
scene_007_f0009,0,cluster+det,vehicle,0.7306,14.38,363,4.33,1.89,1.44,14.07,2.97,0.94,3.002,0.3673,0.62928,0.0,0.0,0.317845,0,0,0,0,shape 0.37 | unc 0.63 | vru 0.00 → s_obj 0.318
scene_007_f0009,1,cluster+det,vehicle,0.6446,25.26,204,4.25,1.92,1.51,24.22,7.16,0.94,2.928,0.36481,0.48793,0.0,0.0,0.27383,0,0,0,0,shape 0.36 | unc 0.49 | vru 0.00 → s_obj 0.274
scene_007_f0009,2,cluster+det,vehicle,0.5153,36.58,81,4.25,2.0,1.35,35.79,7.56,0.89,2.928,0.3447,0.83855,0.333,0.0,0.470022,1,0,0,0,xa 36.6 m; shape 0.34 | unc 0.84 | vru 0.00 → s_obj 0.470
scene_007_f0010,0,cluster+det,vehicle,0.7605,10.39,424,4.27,2.11,1.6,9.94,3.01,0.93,2.923,0.38852,0.59213,0.0,0.0,0.384712,0,0,0,0,shape 0.39 | unc 0.59 | vru 0.00 → s_obj 0.385
scene_007_f0010,1,cluster+det,vehicle,0.6674,21.5,255,4.28,1.91,1.43,20.26,7.21,0.93,2.958,0.34666,0.63458,0.0,0.0,0.208651,0,0,0,0,shape 0.35 | unc 0.63 | vru 0.00 → s_obj 0.209
scene_007_f0010,2,cluster+det,vehicle,0.5625,32.81,113,4.27,1.89,1.34,31.94,7.51,1.03,3.01,0.3811,0.61817,0.333,0.0,0.566649,1,0,0,0,xa 32.8 m; shape 0.38 | unc 0.62 | vru 0.00 → s_obj 0.567
scene_007_f0010,3,cluster+det,vehicle,0.3904,46.07,48,3.9,1.9,1.3,45.96,-3.26,0.99,3.008,0.3739,0.89666,0.333,0.0,0.635637,1,0,0,0,xa 46.1 m; shape 0.37 | unc 0.90 | vru 0.00 → s_obj 0.636
scene_007_f0011,0,cluster+det,vehicle,0.7917,6.75,524,4.33,2.07,1.47,6.04,3.0,0.92,3.009,0.38696,0.6811,0.0,0.0,0.419042,0,0,0,0,shape 0.39 | unc 0.68 | vru 0.00 → s_obj 0.419
scene_007_f0011,1,cluster+det,vehicle,0.5868,28.94,166,4.26,2.09,1.34,27.91,7.64,0.95,3.083,0.36027,0.83157,0.0,0.0,0.355495,0,0,0,0,shape 0.36 | unc 0.83 | vru 0.00 → s_obj 0.355
scene_007_f0011,2,cluster+det,vehicle,0.6926,17.79,282,4.33,2.11,1.58,16.29,7.16,0.96,2.896,0.39287,0.68071,0.0,0.0,0.430196,0,0,0,0,shape 0.39 | unc 0.68 | vru 0.00 → s_obj 0.430
scene_007_f0011,3,cluster+det,vehicle,0.4728,41.9,70,4.11,1.97,1.41,41.77,-3.4,0.95,2.999,0.36206,0.70015,0.333,0.0,0.513656,1,0,0,0,xa 41.9 m; shape 0.36 | unc 0.70 | vru 0.00 → s_obj 0.514
scene_007_f0012,0,cluster+det,vehicle,0.8263,3.69,650,4.3,1.93,1.39,2.15,3.0,0.93,2.965,0.43216,0.67498,0.0,0.0,0.459412,0,0,0,0,shape 0.43 | unc 0.67 | vru 0.00 → s_obj 0.459
scene_007_f0012,1,cluster+det,vehicle,0.7338,14.24,342,4.26,1.95,1.48,12.29,7.19,0.91,2.921,0.36918,0.56644,0.0,0.0,0.309467,0,0,0,0,shape 0.37 | unc 0.57 | vru 0.00 → s_obj 0.309
scene_007_f0012,2,cluster+det,vehicle,0.5302,37.71,94,4.26,2.03,1.89,37.56,-3.35,0.96,3.096,0.41119,0.57634,0.333,0.0,0.598041,1,0,0,0,xa 37.7 m; shape 0.41 | unc 0.58 | vru 0.00 → s_obj 0.598
scene_007_f0012,3,cluster+det,vehicle,0.6321,25.22,183,4.22,1.9,1.39,24.06,7.56,0.9,2.987,0.3479,0.62911,0.0,0.0,0.212949,0,0,0,0,shape 0.35 | unc 0.63 | vru 0.00 → s_obj 0.213
scene_007_f0012,4,cluster+det,other,0.3255,18.15,5,1.43,0.04,0.61,16.85,6.76,1.0,2.272,0.60245,0.0,0.333,0.3,0.768199,0,1,0,0,ít điểm (5); shape 0.60 | unc 0.00 | vru 0.30 → s_obj 0.768
scene_007_f0013,0,cluster+det,vehicle,0.6631,21.22,207,4.27,1.9,1.38,19.82,7.57,0.92,3.033,0.35163,0.63459,0.0,0.0,0.231284,0,0,0,0,shape 0.35 | unc 0.63 | vru 0.00 → s_obj 0.231
scene_007_f0013,1,cluster+det,vehicle,0.7648,10.83,446,4.3,1.92,1.45,8.1,7.18,0.91,2.949,0.39505,0.55869,0.0,0.0,0.386779,0,0,0,0,shape 0.40 | unc 0.56 | vru 0.00 → s_obj 0.387
scene_007_f0013,2,cluster+det,vehicle,0.8297,3.58,650,4.3,1.96,1.42,-1.97,2.99,0.93,2.966,0.43944,0.61845,0.0,0.0,0.439663,0,0,0,0,shape 0.44 | unc 0.62 | vru 0.00 → s_obj 0.440
scene_007_f0013,3,cluster+det,vehicle,0.5697,33.98,145,4.25,2.03,1.52,33.81,-3.33,0.96,3.051,0.37005,0.58973,0.333,0.0,0.511806,1,0,0,0,xa 34.0 m; shape 0.37 | unc 0.59 | vru 0.00 → s_obj 0.512
scene_007_f0013,4,cluster+det,other,0.3497,13.07,5,0.55,0.31,0.93,12.46,-3.96,1.08,-1.219,0.5645,1.0,0.333,0.3,0.876442,0,1,0,0,ít điểm (5); shape 0.56 | unc 1.00 | vru 0.30 → s_obj 0.876
scene_007_f0013,5,cluster+det,other,0.3328,16.41,5,0.95,0.31,0.61,14.62,7.46,1.09,2.284,0.53388,0.0,0.333,0.3,0.717927,0,1,0,0,ít điểm (5); shape 0.53 | unc 0.00 | vru 0.30 → s_obj 0.718
scene_007_f0014,0,cluster+det,vehicle,0.5973,30.01,143,4.26,1.92,1.43,29.81,-3.41,0.98,3.063,0.35402,0.642,0.333,0.0,0.439826,1,0,0,0,xa 30.0 m; shape 0.35 | unc 0.64 | vru 0.00 → s_obj 0.440
scene_007_f0014,1,cluster+det,vehicle,0.6999,17.5,303,4.3,2.0,1.47,15.76,7.59,0.91,3.057,0.35476,0.51775,0.0,0.0,0.22111,0,0,0,0,shape 0.35 | unc 0.52 | vru 0.00 → s_obj 0.221
scene_007_f0014,2,cluster+det,vehicle,0.7713,8.29,443,4.29,2.0,1.36,4.15,7.17,0.93,2.917,0.36415,0.73637,0.0,0.0,0.352448,0,0,0,0,shape 0.36 | unc 0.74 | vru 0.00 → s_obj 0.352
scene_007_f0014,3,cluster+det,bicycle,0.4059,13.57,10,1.32,0.78,1.23,11.5,7.21,0.98,-1.478,0.50381,0.79871,0.333,1.0,0.839554,0,0,1,0,model nhầm lẫn lớp; lớp hiếm: bicycle; shape 0.50 | unc 0.80 | vru 1.00 → s_obj 0.840
scene_007_f0015,0,cluster+det,vehicle,0.785,7.2,446,4.31,1.89,1.34,0.23,7.2,0.92,2.936,0.3723,0.67397,0.0,0.0,0.368879,0,0,0,0,shape 0.37 | unc 0.67 | vru 0.00 → s_obj 0.369
scene_007_f0015,1,cluster+det,vehicle,0.62,25.81,167,4.32,1.95,1.35,25.59,-3.35,0.95,2.98,0.34824,0.63932,0.0,0.0,0.218444,0,0,0,0,shape 0.35 | unc 0.64 | vru 0.00 → s_obj 0.218
scene_007_f0015,2,cluster+det,vehicle,0.7334,14.14,368,4.3,1.99,1.49,11.95,7.57,0.91,2.99,0.36057,0.56957,0.0,0.0,0.26012,0,0,0,0,shape 0.36 | unc 0.57 | vru 0.00 → s_obj 0.260
scene_007_f0015,3,cluster+det,other,0.3645,9.04,5,0.29,0.07,0.68,5.52,7.16,0.85,-0.98,0.69576,0.0,0.333,0.3,0.775054,0,1,0,0,ít điểm (5); shape 0.70 | unc 0.00 | vru 0.30 → s_obj 0.775
scene_007_f0015,4,cluster+det,other,0.3848,10.38,10,1.94,1.37,0.83,7.21,7.46,1.18,-2.274,0.49933,1.0,0.0,0.5,0.660065,0,0,0,0,shape 0.50 | unc 1.00 | vru 0.50 → s_obj 0.660
scene_007_f0016,0,cluster+det,vehicle,0.6636,21.95,235,4.29,1.89,1.43,21.69,-3.35,0.96,3.031,0.36212,0.58926,0.0,0.0,0.274918,0,0,0,0,shape 0.36 | unc 0.59 | vru 0.00 → s_obj 0.275
scene_007_f0016,1,cluster+det,vehicle,0.7761,8.18,436,4.26,1.88,1.35,-3.92,7.18,0.96,2.941,0.37282,0.70746,0.0,0.0,0.390424,0,0,0,0,shape 0.37 | unc 0.71 | vru 0.00 → s_obj 0.390
scene_007_f0016,2,cluster+det,vehicle,0.7571,10.95,409,4.31,1.97,1.43,7.96,7.52,0.94,3.022,0.36074,0.64995,0.0,0.0,0.290479,0,0,0,0,shape 0.36 | unc 0.65 | vru 0.00 → s_obj 0.290
scene_007_f0016,3,cluster+det,other,0.378,7.11,6,1.7,1.21,0.14,0.76,7.07,1.22,-1.584,0.60517,1.0,0.333,0.0,0.828509,0,1,0,0,ít điểm (6); shape 0.61 | unc 1.00 | vru 0.00 → s_obj 0.829
scene_007_f0017,0,cluster+det,vehicle,0.7699,8.55,442,4.28,1.96,1.35,3.97,7.57,0.94,3.043,0.36928,0.7194,0.0,0.0,0.376931,0,0,0,0,shape 0.37 | unc 0.72 | vru 0.00 → s_obj 0.377
scene_007_f0017,1,cluster+det,vehicle,0.6905,18.12,262,4.3,1.97,1.41,17.81,-3.35,0.96,3.003,0.35722,0.63638,0.0,0.0,0.262296,0,0,0,0,shape 0.36 | unc 0.64 | vru 0.00 → s_obj 0.262
scene_007_f0017,2,cluster+det,other,0.3791,7.04,6,1.39,1.06,0.58,-0.72,7.01,1.25,2.262,0.55811,1.0,0.333,0.3,0.869587,0,1,0,0,ít điểm (6); shape 0.56 | unc 1.00 | vru 0.30 → s_obj 0.870
scene_007_f0017,3,cluster+det,other,0.3924,7.8,9,1.68,1.12,0.7,-2.31,7.45,1.1,-2.593,0.51297,0.0,0.333,0.3,0.713738,0,1,0,0,ít điểm (9); shape 0.51 | unc 0.00 | vru 0.30 → s_obj 0.714
scene_007_f0018,0,cluster+det,vehicle,0.7842,7.52,462,4.29,1.9,1.36,-0.05,7.52,0.94,3.014,0.38167,0.70409,0.0,0.0,0.418988,0,0,0,0,shape 0.38 | unc 0.70 | vru 0.00 → s_obj 0.419
scene_007_f0018,1,cluster+det,vehicle,0.7208,14.18,320,4.27,1.97,1.38,13.78,-3.37,0.96,3.014,0.35386,0.63225,0.0,0.0,0.244015,0,0,0,0,shape 0.35 | unc 0.63 | vru 0.00 → s_obj 0.244
scene_007_f0019,0,cluster+det,vehicle,0.7834,8.64,464,4.29,1.94,1.44,-4.15,7.58,0.94,3.035,0.36582,0.55007,0.0,0.0,0.285419,0,0,0,0,shape 0.37 | unc 0.55 | vru 0.00 → s_obj 0.285
scene_007_f0019,1,cluster+det,vehicle,0.755,10.33,368,4.28,1.91,1.35,9.77,-3.34,0.94,3.043,0.36341,0.72399,0.0,0.0,0.342873,0,0,0,0,shape 0.36 | unc 0.72 | vru 0.00 → s_obj 0.343
scene_007_f0020,0,cluster+det,vehicle,0.7976,6.7,496,4.29,1.95,1.41,5.79,-3.37,0.93,3.069,0.36968,0.64629,0.0,0.0,0.338955,0,0,0,0,shape 0.37 | unc 0.65 | vru 0.00 → s_obj 0.339
scene_007_f0021,0,cluster+det,vehicle,0.8231,3.8,601,4.31,1.96,1.39,1.77,-3.37,0.92,3.034,0.41125,0.64026,0.0,0.0,0.430413,0,0,0,0,shape 0.41 | unc 0.64 | vru 0.00 → s_obj 0.430
scene_007_f0022,0,cluster+det,vehicle,0.8113,4.01,609,4.35,2.0,1.35,-2.24,-3.33,0.91,3.082,0.42123,0.70184,0.0,0.0,0.467247,0,0,0,0,shape 0.42 | unc 0.70 | vru 0.00 → s_obj 0.467
scene_007_f0023,0,cluster+det,vehicle,0.4127,44.64,53,4.16,2.14,1.4,43.96,7.79,0.9,-2.901,0.36954,0.80161,0.333,0.0,0.594723,1,0,0,0,xa 44.6 m; shape 0.37 | unc 0.80 | vru 0.00 → s_obj 0.595
scene_007_f0024,0,cluster+det,vehicle,0.4763,40.68,74,4.23,1.95,1.28,39.95,7.66,0.99,-2.971,0.36302,1.0,0.333,0.0,0.588955,1,0,0,0,xa 40.7 m; shape 0.36 | unc 1.00 | vru 0.00 → s_obj 0.589
scene_007_f0025,0,cluster+det,vehicle,0.5209,37.16,89,4.25,1.93,1.34,36.35,7.75,0.96,-2.874,0.34622,0.91995,0.333,0.0,0.489336,1,0,0,0,xa 37.2 m; shape 0.35 | unc 0.92 | vru 0.00 → s_obj 0.489
scene_007_f0026,0,cluster+det,vehicle,0.5638,33.16,113,4.2,1.92,1.38,32.21,7.89,0.99,-2.878,0.34101,0.70772,0.333,0.0,0.420566,1,0,0,0,xa 33.2 m; shape 0.34 | unc 0.71 | vru 0.00 → s_obj 0.421
scene_007_f0027,0,cluster+det,vehicle,0.5798,29.29,120,4.24,1.93,1.26,28.21,7.85,1.01,-2.987,0.34641,0.88776,0.0,0.0,0.294559,0,0,0,0,shape 0.35 | unc 0.89 | vru 0.00 → s_obj 0.295
scene_007_f0028,0,cluster+det,vehicle,0.6152,25.43,164,4.43,2.05,1.35,24.21,7.78,0.97,-2.959,0.35946,1.0,0.0,0.0,0.379543,0,0,0,0,shape 0.36 | unc 1.00 | vru 0.00 → s_obj 0.380
scene_007_f0029,0,cluster+det,other,0.6116,21.64,243,4.88,2.59,1.39,20.19,7.8,0.98,-3.043,0.45345,1.0,0.0,0.0,0.553972,0,0,0,0,shape 0.45 | unc 1.00 | vru 0.00 → s_obj 0.554
scene_007_f0030,0,cluster+det,other,0.6394,17.99,275,4.66,2.74,1.37,16.22,7.77,0.93,-2.951,0.47918,1.0,0.0,0.0,0.569967,0,0,0,0,shape 0.48 | unc 1.00 | vru 0.00 → s_obj 0.570
scene_007_f0030,1,cluster+det,other,0.326,47.48,35,3.47,2.23,1.17,46.87,7.58,1.01,-2.742,0.44147,1.0,0.333,0.0,0.739391,1,0,0,0,xa 47.5 m; shape 0.44 | unc 1.00 | vru 0.00 → s_obj 0.739
scene_007_f0031,0,cluster+det,other,0.6676,14.48,329,5.22,2.9,1.39,12.24,7.73,0.92,-3.043,0.47727,1.0,0.0,0.0,0.568825,0,0,0,0,shape 0.48 | unc 1.00 | vru 0.00 → s_obj 0.569
scene_007_f0031,1,cluster+det,vehicle,0.4499,44.0,66,4.12,1.71,1.37,43.35,7.51,0.99,3.08,0.38099,0.66234,0.333,0.0,0.585038,1,0,0,0,xa 44.0 m; shape 0.38 | unc 0.66 | vru 0.00 → s_obj 0.585
scene_007_f0032,0,cluster+det,other,0.696,11.27,401,4.39,2.69,1.41,8.17,7.76,0.95,-2.996,0.45022,1.0,0.0,0.0,0.552829,0,0,0,0,shape 0.45 | unc 1.00 | vru 0.00 → s_obj 0.553
scene_007_f0032,1,cluster+det,vehicle,0.468,40.09,67,3.9,2.01,1.4,39.37,7.57,0.97,3.13,0.35572,0.89614,0.333,0.0,0.53531,1,0,0,0,xa 40.1 m; shape 0.36 | unc 0.90 | vru 0.00 → s_obj 0.535
scene_007_f0033,0,cluster+det,vehicle,0.502,36.28,80,4.19,1.87,1.18,35.46,7.69,1.03,-3.136,0.36873,0.54632,0.333,0.0,0.492437,1,0,0,0,xa 36.3 m; shape 0.37 | unc 0.55 | vru 0.00 → s_obj 0.492
scene_007_f0033,1,cluster+det,other,0.7175,8.74,500,5.04,2.71,1.34,4.09,7.73,0.95,-2.961,0.47997,1.0,0.0,0.0,0.570348,0,0,0,0,shape 0.48 | unc 1.00 | vru 0.00 → s_obj 0.570
scene_007_f0033,2,cluster,,,47.43,7,1.56,0.4,0.6,47.18,-4.93,1.04,-3.017,0.50882,3.52573,0.667,0.3,0.979543,1,1,0,1,xa 47.4 m; ít điểm (7); model bỏ sót (chỉ cluster bắt được); shape 0.51 | unc 3.53 | vru 0.30 → s_obj 0.980
scene_007_f0034,0,cluster+det,vehicle,0.5594,32.07,114,4.17,1.82,1.27,31.18,7.51,0.96,-3.117,0.36816,0.80126,0.333,0.0,0.585473,1,0,0,0,xa 32.1 m; shape 0.37 | unc 0.80 | vru 0.00 → s_obj 0.585
scene_007_f0034,1,cluster+det,other,0.7267,7.69,510,5.49,2.94,1.37,0.1,7.69,0.99,-3.015,0.48096,1.0,0.0,0.0,0.571872,0,0,0,0,shape 0.48 | unc 1.00 | vru 0.00 → s_obj 0.572
scene_007_f0034,2,cluster+det,other,0.267,43.3,10,1.47,0.36,1.06,43.01,-4.97,0.93,3.051,0.47582,0.93147,0.333,1.0,0.853101,1,0,0,0,xa 43.3 m; shape 0.48 | unc 0.93 | vru 1.00 → s_obj 0.853
scene_007_f0035,0,cluster+det,other,0.7184,8.61,478,5.42,2.76,1.38,-3.71,7.77,0.94,-2.994,0.4914,1.0,0.0,0.0,0.57568,0,0,0,0,shape 0.49 | unc 1.00 | vru 0.00 → s_obj 0.576
scene_007_f0035,1,cluster+det,vehicle,0.5989,28.27,154,4.23,2.05,1.39,27.24,7.57,0.94,3.126,0.36188,0.70302,0.0,0.0,0.323667,0,0,0,0,shape 0.36 | unc 0.70 | vru 0.00 → s_obj 0.324
scene_007_f0035,2,cluster+det,other,0.2811,39.36,11,1.59,0.27,1.06,39.05,-4.96,1.14,3.027,0.51699,0.92125,0.333,1.0,0.868553,1,0,0,0,xa 39.4 m; shape 0.52 | unc 0.92 | vru 1.00 → s_obj 0.869
scene_007_f0036,0,cluster+det,vehicle,0.6273,24.5,175,4.28,1.99,1.34,23.3,7.56,0.97,3.088,0.36034,0.73431,0.0,0.0,0.330794,0,0,0,0,shape 0.36 | unc 0.73 | vru 0.00 → s_obj 0.331
scene_007_f0036,1,cluster+det,bicycle,0.331,35.6,17,1.47,0.54,1.1,35.27,-4.89,0.93,3.127,0.44405,0.84137,0.667,1.0,0.941567,1,0,1,0,xa 35.6 m; model nhầm lẫn lớp; lớp hiếm: bicycle; shape 0.44 | unc 0.84 | vru 1.00 → s_obj 0.942
scene_007_f0037,0,cluster+det,motorcycle,0.2997,46.77,17,2.56,0.91,1.41,46.32,6.52,0.89,3.016,0.45671,1.0,0.667,1.0,0.970947,1,0,1,0,xa 46.8 m; model nhầm lẫn lớp; lớp hiếm: motorcycle; shape 0.46 | unc 1.00 | vru 1.00 → s_obj 0.971
scene_007_f0037,1,cluster+det,vehicle,0.6616,20.74,192,4.25,1.96,1.36,19.3,7.59,0.99,-3.093,0.35398,0.58438,0.0,0.0,0.22802,0,0,0,0,shape 0.35 | unc 0.58 | vru 0.00 → s_obj 0.228
scene_007_f0037,2,cluster,,,49.13,13,2.71,1.18,0.57,48.61,7.11,0.97,2.428,0.46977,3.52573,0.333,0.5,0.847769,1,0,0,1,xa 49.1 m; model bỏ sót (chỉ cluster bắt được); shape 0.47 | unc 3.53 | vru 0.50 → s_obj 0.848
scene_007_f0037,3,cluster+det,other,0.3309,31.52,17,1.65,0.52,0.84,31.13,-4.97,0.93,3.132,0.47131,1.0,0.333,1.0,0.859467,1,0,0,0,xa 31.5 m; shape 0.47 | unc 1.00 | vru 1.00 → s_obj 0.859
scene_007_f0038,0,cluster+det,vehicle,0.7071,17.07,292,4.31,1.92,1.45,15.27,7.64,0.95,-3.132,0.34815,0.50272,0.0,0.0,0.185854,0,0,0,0,shape 0.35 | unc 0.50 | vru 0.00 → s_obj 0.186
scene_007_f0038,1,cluster+det,vehicle,0.419,44.02,54,4.12,2.02,1.31,43.48,6.86,0.96,-3.098,0.39241,0.86027,0.333,0.0,0.679162,1,0,0,0,xa 44.0 m; shape 0.39 | unc 0.86 | vru 0.00 → s_obj 0.679
scene_007_f0038,2,cluster+det,bicycle,0.4056,27.64,20,1.8,0.63,1.27,27.18,-5.02,0.84,-3.037,0.46546,0.78768,0.333,1.0,0.820729,0,0,1,0,model nhầm lẫn lớp; lớp hiếm: bicycle; shape 0.47 | unc 0.79 | vru 1.00 → s_obj 0.821
scene_007_f0039,0,cluster+det,vehicle,0.4713,40.17,66,4.21,1.9,1.31,39.57,6.92,0.97,-3.029,0.3478,1.0,0.333,0.0,0.507454,1,0,0,0,xa 40.2 m; shape 0.35 | unc 1.00 | vru 0.00 → s_obj 0.507
scene_007_f0039,1,cluster+det,vehicle,0.7345,13.49,333,4.25,1.99,1.45,11.18,7.56,0.93,-3.133,0.36933,0.64842,0.0,0.0,0.339663,0,0,0,0,shape 0.37 | unc 0.65 | vru 0.00 → s_obj 0.340
scene_007_f0039,2,cluster+det,other,0.3947,23.59,25,1.71,0.53,0.66,23.04,-5.03,0.89,3.055,0.50226,1.0,0.0,1.0,0.682427,0,0,0,0,shape 0.50 | unc 1.00 | vru 1.00 → s_obj 0.682
scene_007_f0040,0,cluster+det,vehicle,0.7619,10.47,381,4.34,1.99,1.45,7.31,7.5,0.98,3.093,0.36086,0.65496,0.0,0.0,0.293634,0,0,0,0,shape 0.36 | unc 0.65 | vru 0.00 → s_obj 0.294
scene_007_f0040,1,cluster+det,vehicle,0.5496,36.07,104,4.24,1.87,1.46,35.41,6.86,0.98,-3.083,0.3599,0.61487,0.333,0.0,0.461099,1,0,0,0,xa 36.1 m; shape 0.36 | unc 0.61 | vru 0.00 → s_obj 0.461
scene_007_f0040,2,cluster+det,bicycle,0.5,19.68,35,1.36,0.51,1.27,19.05,-4.94,0.96,-3.14,0.47673,0.81388,0.333,1.0,0.833678,0,0,1,0,model nhầm lẫn lớp; lớp hiếm: bicycle; shape 0.48 | unc 0.81 | vru 1.00 → s_obj 0.834
scene_007_f0041,0,cluster+det,bicycle,0.6145,15.72,47,1.67,0.61,1.43,14.92,-4.95,0.93,3.025,0.48623,0.60668,0.333,1.0,0.754842,0,0,1,0,model nhầm lẫn lớp; lớp hiếm: bicycle; shape 0.49 | unc 0.61 | vru 1.00 → s_obj 0.755
scene_007_f0041,1,cluster+det,vehicle,0.5772,32.17,137,4.22,1.96,1.41,31.41,6.96,1.05,-3.112,0.37197,0.67182,0.333,0.0,0.556257,1,0,0,0,xa 32.2 m; shape 0.37 | unc 0.67 | vru 0.00 → s_obj 0.556
scene_007_f0041,2,cluster+det,vehicle,0.7734,8.26,465,4.29,1.9,1.34,3.32,7.56,1.0,3.135,0.38354,0.71497,0.0,0.0,0.429489,0,0,0,0,shape 0.38 | unc 0.71 | vru 0.00 → s_obj 0.429
scene_007_f0041,3,cluster+det,other,0.378,44.15,45,4.04,1.88,1.03,44.07,2.65,1.13,-2.939,0.47565,1.0,0.333,0.0,0.75691,1,0,0,0,xa 44.1 m; shape 0.48 | unc 1.00 | vru 0.00 → s_obj 0.757
scene_007_f0042,0,cluster+det,vehicle,0.6066,28.32,126,4.23,1.92,1.42,27.44,7.0,0.99,3.135,0.3401,0.64232,0.0,0.0,0.193634,0,0,0,0,shape 0.34 | unc 0.64 | vru 0.00 → s_obj 0.194
scene_007_f0042,1,cluster+det,vehicle,0.7787,7.62,430,4.31,2.01,1.38,-0.67,7.59,0.95,3.103,0.37169,0.73885,0.0,0.0,0.397661,0,0,0,0,shape 0.37 | unc 0.74 | vru 0.00 → s_obj 0.398
scene_007_f0042,2,cluster+det,vehicle,0.4522,40.08,62,4.0,1.92,1.23,39.99,2.67,1.03,-3.062,0.36177,0.87668,0.333,0.0,0.563928,1,0,0,0,xa 40.1 m; shape 0.36 | unc 0.88 | vru 0.00 → s_obj 0.564
scene_007_f0042,3,cluster+det,other,0.3542,47.79,44,3.37,1.99,1.25,47.22,7.39,1.08,3.059,0.46322,0.9037,0.333,0.0,0.73901,1,0,0,0,xa 47.8 m; shape 0.46 | unc 0.90 | vru 0.00 → s_obj 0.739
scene_007_f0042,4,cluster+det,bicycle,0.6545,12.19,57,1.59,0.54,1.23,11.14,-4.94,0.99,2.997,0.4593,0.72751,0.333,1.0,0.798313,0,0,1,0,model nhầm lẫn lớp; lớp hiếm: bicycle; shape 0.46 | unc 0.73 | vru 1.00 → s_obj 0.798
scene_007_f0043,0,cluster+det,vehicle,0.7731,8.89,447,4.3,1.9,1.37,-4.68,7.55,0.93,-3.137,0.3673,0.65801,0.0,0.0,0.331338,0,0,0,0,shape 0.37 | unc 0.66 | vru 0.00 → s_obj 0.331
scene_007_f0043,1,cluster+det,vehicle,0.655,24.68,180,4.26,1.94,1.61,23.7,6.88,0.99,3.115,0.37912,0.51452,0.0,0.0,0.345865,0,0,0,0,shape 0.38 | unc 0.51 | vru 0.00 → s_obj 0.346
scene_007_f0043,2,cluster+det,vehicle,0.4081,46.26,49,4.15,1.78,1.41,45.62,-7.71,0.88,2.971,0.39474,0.85144,0.333,0.0,0.681393,1,0,0,0,xa 46.3 m; shape 0.39 | unc 0.85 | vru 0.00 → s_obj 0.681
scene_007_f0043,3,cluster+det,bicycle,0.7286,8.7,79,1.9,0.59,1.14,7.15,-4.96,0.92,3.04,0.46955,0.80163,0.333,1.0,0.825789,0,0,1,0,model nhầm lẫn lớp; lớp hiếm: bicycle; shape 0.47 | unc 0.80 | vru 1.00 → s_obj 0.826
scene_007_f0043,4,cluster+det,vehicle,0.5099,36.27,91,4.24,2.17,1.29,36.17,2.73,0.92,-3.042,0.36207,0.91404,0.333,0.0,0.573613,1,0,0,0,xa 36.3 m; shape 0.36 | unc 0.91 | vru 0.00 → s_obj 0.574
scene_007_f0043,5,cluster+det,vehicle,0.444,43.76,65,4.14,2.0,1.3,43.15,7.25,0.97,3.045,0.36375,0.87744,0.333,0.0,0.574755,1,0,0,0,xa 43.8 m; shape 0.36 | unc 0.88 | vru 0.00 → s_obj 0.575
scene_007_f0043,6,cluster,,,43.28,8,0.36,0.25,0.89,42.08,-10.13,1.18,-2.653,0.61509,3.52573,0.667,0.3,1.0,1,1,0,1,xa 43.3 m; ít điểm (8); model bỏ sót (chỉ cluster bắt được); shape 0.62 | unc 3.53 | vru 0.30 → s_obj 1.000
scene_007_f0044,0,cluster+det,vehicle,0.4851,39.73,69,4.22,1.69,1.42,39.06,7.27,1.0,-3.067,0.37508,0.92197,0.333,0.0,0.645756,1,0,0,0,xa 39.7 m; shape 0.38 | unc 0.92 | vru 0.00 → s_obj 0.646
scene_007_f0044,1,cluster+det,vehicle,0.661,20.52,229,4.24,1.91,1.32,19.34,6.86,0.98,-3.133,0.35494,0.68162,0.0,0.0,0.275027,0,0,0,0,shape 0.35 | unc 0.68 | vru 0.00 → s_obj 0.275
scene_007_f0044,2,cluster+det,vehicle,0.4734,42.18,72,4.11,1.86,1.37,41.47,-7.71,0.97,3.026,0.36298,0.72045,0.333,0.0,0.529489,1,0,0,0,xa 42.2 m; shape 0.36 | unc 0.72 | vru 0.00 → s_obj 0.529
scene_007_f0044,3,cluster+det,vehicle,0.5622,32.15,124,4.23,2.03,1.32,32.03,2.73,0.97,-2.878,0.35804,0.73164,0.333,0.0,0.507291,1,0,0,0,xa 32.2 m; shape 0.36 | unc 0.73 | vru 0.00 → s_obj 0.507
scene_007_f0044,4,cluster+det,bicycle,0.7566,5.84,84,1.68,0.57,1.1,3.1,-4.96,0.95,3.102,0.4994,0.86207,0.333,1.0,0.851959,0,0,1,0,model nhầm lẫn lớp; lớp hiếm: bicycle; shape 0.50 | unc 0.86 | vru 1.00 → s_obj 0.852
scene_007_f0044,5,cluster+det,other,0.2841,39.46,13,0.52,0.38,1.1,38.17,-10.02,1.15,2.294,0.55681,1.0,0.333,1.0,0.892982,1,0,0,0,xa 39.5 m; shape 0.56 | unc 1.00 | vru 1.00 → s_obj 0.893
scene_007_f0045,0,cluster+det,vehicle,0.7096,17.07,293,4.26,2.04,1.6,15.62,6.88,0.98,-3.117,0.37477,0.62669,0.0,0.0,0.357182,0,0,0,0,shape 0.37 | unc 0.63 | vru 0.00 → s_obj 0.357
scene_007_f0045,1,cluster+det,vehicle,0.5274,35.77,102,4.29,1.88,1.23,35.03,7.26,0.99,3.132,0.39044,0.85797,0.333,0.0,0.675408,1,0,0,0,xa 35.8 m; shape 0.39 | unc 0.86 | vru 0.00 → s_obj 0.675
scene_007_f0045,2,cluster+det,vehicle,0.5017,38.37,76,4.17,1.95,1.38,37.57,-7.79,1.0,3.098,0.34511,0.58967,0.333,0.0,0.377203,1,0,0,0,xa 38.4 m; shape 0.35 | unc 0.59 | vru 0.00 → s_obj 0.377
scene_007_f0045,3,cluster+det,vehicle,0.5939,28.22,137,4.32,2.01,1.32,28.1,2.61,1.02,-2.915,0.35273,0.80021,0.0,0.0,0.307345,0,0,0,0,shape 0.35 | unc 0.80 | vru 0.00 → s_obj 0.307
scene_007_f0045,4,cluster+det,bicycle,0.8087,5.04,109,1.68,0.57,1.24,-0.84,-4.97,0.85,3.141,0.53443,0.66924,0.333,1.0,0.795158,0,0,1,0,model nhầm lẫn lớp; lớp hiếm: bicycle; shape 0.53 | unc 0.67 | vru 1.00 → s_obj 0.795
scene_007_f0045,5,cluster+det,motorcycle,0.2921,41.46,15,2.06,0.73,0.95,41.17,-4.84,0.89,-2.933,0.45849,0.92905,0.667,1.0,0.963275,1,0,1,0,xa 41.5 m; model nhầm lẫn lớp; lớp hiếm: motorcycle; shape 0.46 | unc 0.93 | vru 1.00 → s_obj 0.963
scene_007_f0045,6,cluster+det,other,0.2676,35.64,6,0.39,0.18,1.05,34.18,-10.07,1.1,-1.26,0.59356,1.0,0.667,0.3,1.0,1,1,0,0,xa 35.6 m; ít điểm (6); shape 0.59 | unc 1.00 | vru 0.30 → s_obj 1.000
scene_007_f0046,0,cluster+det,vehicle,0.6276,24.32,193,4.24,2.05,1.37,24.16,2.77,0.98,-2.874,0.34661,0.74131,0.0,0.0,0.261915,0,0,0,0,shape 0.35 | unc 0.74 | vru 0.00 → s_obj 0.262
scene_007_f0046,1,cluster+det,vehicle,0.7365,13.32,338,4.29,1.98,1.44,11.39,6.91,0.96,-3.135,0.3542,0.56725,0.0,0.0,0.226224,0,0,0,0,shape 0.35 | unc 0.57 | vru 0.00 → s_obj 0.226
scene_007_f0046,2,cluster+det,other,0.5133,34.17,83,3.98,2.19,1.32,33.27,-7.78,1.01,2.924,0.37839,0.9247,0.333,0.0,0.657345,1,0,0,0,xa 34.2 m; shape 0.38 | unc 0.92 | vru 0.00 → s_obj 0.657
scene_007_f0046,3,cluster+det,bicycle,0.7652,6.96,76,1.63,0.61,1.32,-4.87,-4.97,0.9,3.047,0.4773,0.68395,0.333,1.0,0.78667,0,0,1,0,model nhầm lẫn lớp; lớp hiếm: bicycle; shape 0.48 | unc 0.68 | vru 1.00 → s_obj 0.787
scene_007_f0046,4,cluster+det,vehicle,0.5751,32.0,116,4.23,1.98,1.43,31.15,7.31,0.97,-3.128,0.34171,0.67758,0.333,0.0,0.406529,1,0,0,0,xa 32.0 m; shape 0.34 | unc 0.68 | vru 0.00 → s_obj 0.407
scene_007_f0046,5,cluster+det,other,0.2608,38.28,5,0.55,0.28,1.15,37.99,-4.69,0.99,-1.998,0.54507,1.0,0.667,0.3,0.978781,1,1,0,0,xa 38.3 m; ít điểm (5); shape 0.55 | unc 1.00 | vru 0.30 → s_obj 0.979
scene_007_f0046,6,cluster+det,other,0.3132,31.76,13,0.53,0.46,1.08,30.1,-10.16,1.15,0.426,0.56804,1.0,0.333,1.0,0.905169,1,0,0,0,xa 31.8 m; shape 0.57 | unc 1.00 | vru 1.00 → s_obj 0.905
scene_007_f0046,7,cluster,,,45.41,5,0.45,0.23,0.76,43.81,11.96,0.89,0.108,0.59427,3.52573,0.667,0.3,1.0,1,1,0,1,xa 45.4 m; ít điểm (5); model bỏ sót (chỉ cluster bắt được); shape 0.59 | unc 3.53 | vru 0.30 → s_obj 1.000
scene_007_f0047,0,cluster+det,vehicle,0.6651,20.44,224,4.32,2.03,1.41,20.25,2.8,0.92,-3.002,0.37423,0.77913,0.0,0.0,0.422688,0,0,0,0,shape 0.37 | unc 0.78 | vru 0.00 → s_obj 0.423
scene_007_f0047,1,cluster+det,vehicle,0.7643,10.14,431,4.29,1.95,1.41,7.46,6.86,0.95,-3.136,0.36124,0.65107,0.0,0.0,0.291948,0,0,0,0,shape 0.36 | unc 0.65 | vru 0.00 → s_obj 0.292
scene_007_f0047,2,cluster+det,vehicle,0.5662,30.47,118,4.28,1.95,1.22,29.44,-7.86,1.02,3.07,0.39833,0.85273,0.333,0.0,0.690098,1,0,0,0,xa 30.5 m; shape 0.40 | unc 0.85 | vru 0.00 → s_obj 0.690
scene_007_f0047,3,cluster+det,vehicle,0.6031,28.41,125,4.24,1.95,1.41,27.44,7.35,0.92,3.139,0.34464,0.66853,0.0,0.0,0.216921,0,0,0,0,shape 0.34 | unc 0.67 | vru 0.00 → s_obj 0.217
scene_007_f0047,4,cluster+det,other,0.368,28.0,21,0.44,0.44,1.18,26.13,-10.08,1.0,-0.63,0.58299,0.92543,0.0,1.0,0.718226,0,0,0,0,shape 0.58 | unc 0.93 | vru 1.00 → s_obj 0.718
scene_007_f0047,5,cluster+det,motorcycle,0.3346,33.79,18,1.94,0.81,0.96,33.46,-4.67,1.01,-2.872,0.43643,0.81375,0.667,1.0,0.931284,1,0,1,0,xa 33.8 m; model nhầm lẫn lớp; lớp hiếm: motorcycle; shape 0.44 | unc 0.81 | vru 1.00 → s_obj 0.931
scene_007_f0047,6,cluster,,,41.49,5,0.27,0.08,0.85,39.76,11.87,1.18,1.919,0.7126,3.52573,0.667,0.3,1.0,1,1,0,1,xa 41.5 m; ít điểm (5); model bỏ sót (chỉ cluster bắt được); shape 0.71 | unc 3.53 | vru 0.30 → s_obj 1.000
scene_007_f0048,0,cluster+det,vehicle,0.7024,16.41,308,4.33,2.02,1.42,16.19,2.7,0.91,-2.987,0.35064,0.64024,0.0,0.0,0.2284,0,0,0,0,shape 0.35 | unc 0.64 | vru 0.00 → s_obj 0.228
scene_007_f0048,1,cluster+det,vehicle,0.7794,7.68,442,4.29,1.9,1.34,3.32,6.93,0.95,-3.125,0.37722,0.65958,0.0,0.0,0.381284,0,0,0,0,shape 0.38 | unc 0.66 | vru 0.00 → s_obj 0.381
scene_007_f0048,2,cluster+det,motorcycle,0.432,29.6,30,2.16,0.77,1.22,29.22,-4.78,0.9,-2.783,0.44203,0.85507,0.333,1.0,0.822688,0,0,1,0,model nhầm lẫn lớp; lớp hiếm: motorcycle; shape 0.44 | unc 0.86 | vru 1.00 → s_obj 0.823
scene_007_f0048,3,cluster+det,vehicle,0.6101,26.68,146,4.22,1.97,1.34,25.53,-7.77,0.96,3.093,0.34199,0.68432,0.0,0.0,0.221001,0,0,0,0,shape 0.34 | unc 0.68 | vru 0.00 → s_obj 0.221
scene_007_f0048,4,cluster+det,vehicle,0.635,24.4,178,4.19,1.91,1.37,23.29,7.28,0.96,3.135,0.34528,0.69045,0.0,0.0,0.232807,0,0,0,0,shape 0.35 | unc 0.69 | vru 0.00 → s_obj 0.233
scene_007_f0048,5,cluster+det,other,0.2656,37.74,7,0.43,0.28,1.05,35.77,12.02,1.21,-1.564,0.5813,1.0,0.667,0.3,1.0,1,1,0,0,xa 37.7 m; ít điểm (7); shape 0.58 | unc 1.00 | vru 0.30 → s_obj 1.000
scene_007_f0048,6,cluster+det,pedestrian,0.3996,24.33,21,0.58,0.58,1.29,22.13,-10.11,1.14,0.806,0.55049,0.77892,0.333,1.0,0.849347,0,0,1,0,model nhầm lẫn lớp; shape 0.55 | unc 0.78 | vru 1.00 → s_obj 0.849
scene_007_f0049,0,cluster+det,vehicle,0.7848,6.9,492,4.28,1.93,1.33,-0.62,6.87,0.95,-3.108,0.38317,0.71903,0.0,0.0,0.430468,0,0,0,0,shape 0.38 | unc 0.72 | vru 0.00 → s_obj 0.430
scene_007_f0049,1,cluster+det,vehicle,0.6416,22.89,175,4.25,2.03,1.38,21.55,-7.72,0.98,3.0,0.3491,0.82656,0.0,0.0,0.297116,0,0,0,0,shape 0.35 | unc 0.83 | vru 0.00 → s_obj 0.297
scene_007_f0049,2,cluster+det,vehicle,0.6601,20.52,223,4.3,2.02,1.36,19.18,7.28,0.98,-3.091,0.36474,0.60441,0.0,0.0,0.292002,0,0,0,0,shape 0.36 | unc 0.60 | vru 0.00 → s_obj 0.292
scene_007_f0049,3,cluster+det,vehicle,0.7328,12.53,354,4.29,1.98,1.36,12.23,2.71,0.92,-2.928,0.35129,0.72061,0.0,0.0,0.274918,0,0,0,0,shape 0.35 | unc 0.72 | vru 0.00 → s_obj 0.275
scene_007_f0049,4,cluster+det,motorcycle,0.4562,25.72,33,2.07,0.67,1.18,25.28,-4.71,1.01,-2.813,0.42953,0.85704,0.333,1.0,0.814037,0,0,1,0,model nhầm lẫn lớp; lớp hiếm: motorcycle; shape 0.43 | unc 0.86 | vru 1.00 → s_obj 0.814
scene_007_f0049,5,cluster+det,pedestrian,0.4577,20.72,30,0.55,0.47,1.28,18.09,-10.11,0.94,0.139,0.55392,0.87254,0.333,1.0,0.871491,0,0,1,0,model nhầm lẫn lớp; shape 0.55 | unc 0.87 | vru 1.00 → s_obj 0.871
scene_007_f0049,6,cluster+det,pedestrian,0.3141,34.03,10,0.6,0.46,1.35,31.84,12.03,1.03,0.641,0.53027,0.80749,0.667,1.0,0.968498,1,0,1,0,xa 34.0 m; model nhầm lẫn lớp; shape 0.53 | unc 0.81 | vru 1.00 → s_obj 0.968
